"LOCATION","Country","SUBJECT","Subject","FREQUENCY","Frequency","TIME","Time","Unit Code","Unit","PowerCode Code","PowerCode","Reference Period Code","Reference Period","Value","Flag Codes","Flags"
"AUS","Australia","YGTT07L1_ST","Labour force","A","Annual","2005","2005","PER","Persons","3","Thousands",,,10404.22,,
"AUS","Australia","YGTT07L1_ST","Labour force","A","Annual","2006","2006","PER","Persons","3","Thousands",,,10632.72,,
"AUS","Australia","YGTT07L1_ST","Labour force","A","Annual","2007","2007","PER","Persons","3","Thousands",,,10911.88,,
"AUS","Australia","YGTT07L1_ST","Labour force","A","Annual","2008","2008","PER","Persons","3","Thousands",,,11205.63,,
"AUS","Australia","YGTT07L1_ST","Labour force","A","Annual","2009","2009","PER","Persons","3","Thousands",,,11441.82,,
"AUS","Australia","YGTT07L1_ST","Labour force","A","Annual","2010","2010","PER","Persons","3","Thousands",,,11628.23,,
"AUS","Australia","YGTT07L1_ST","Labour force","A","Annual","2011","2011","PER","Persons","3","Thousands",,,11814.1,,
"AUS","Australia","YGTT07L1_ST","Labour force","A","Annual","2012","2012","PER","Persons","3","Thousands",,,11976.4,,
"AUS","Australia","YGTT07L1_ST","Labour force","A","Annual","2013","2013","PER","Persons","3","Thousands",,,12144.32,,
"AUS","Australia","YGTT07L1_ST","Labour force","A","Annual","2014","2014","PER","Persons","3","Thousands",,,12286.8,,
"AUS","Australia","YGTT07L1_ST","Labour force","A","Annual","2015","2015","PER","Persons","3","Thousands",,,12524.53,,
"AUS","Australia","YGTT07L1_ST","Labour force","A","Annual","2016","2016","PER","Persons","3","Thousands",,,12698.14,,
"AUS","Australia","YGTT07L1_ST","Labour force","A","Annual","2017","2017","PER","Persons","3","Thousands",,,12977.61,,
"AUS","Australia","YGTT07L1_ST","Labour force","A","Annual","2018","2018","PER","Persons","3","Thousands",,,13288.11,,
"AUS","Australia","YGTT07L1_ST","Labour force","A","Annual","2019","2019","PER","Persons","3","Thousands",,,13571.35,,
"AUT","Austria","YGTT07L1_ST","Labour force","A","Annual","2005","2005","PER","Persons","3","Thousands",,,3970.875,,
"AUT","Austria","YGTT07L1_ST","Labour force","A","Annual","2006","2006","PER","Persons","3","Thousands",,,4037.65,"B","Break"
"AUT","Austria","YGTT07L1_ST","Labour force","A","Annual","2007","2007","PER","Persons","3","Thousands",,,4123.925,,
"AUT","Austria","YGTT07L1_ST","Labour force","A","Annual","2008","2008","PER","Persons","3","Thousands",,,4166.05,,
"AUT","Austria","YGTT07L1_ST","Labour force","A","Annual","2009","2009","PER","Persons","3","Thousands",,,4205.125,,
"AUT","Austria","YGTT07L1_ST","Labour force","A","Annual","2010","2010","PER","Persons","3","Thousands",,,4220.075,,
"AUT","Austria","YGTT07L1_ST","Labour force","A","Annual","2011","2011","PER","Persons","3","Thousands",,,4246.225,,
"AUT","Austria","YGTT07L1_ST","Labour force","A","Annual","2012","2012","PER","Persons","3","Thousands",,,4293.375,,
"AUT","Austria","YGTT07L1_ST","Labour force","A","Annual","2013","2013","PER","Persons","3","Thousands",,,4336.05,,
"AUT","Austria","YGTT07L1_ST","Labour force","A","Annual","2014","2014","PER","Persons","3","Thousands",,,4357.575,,
"AUT","Austria","YGTT07L1_ST","Labour force","A","Annual","2015","2015","PER","Persons","3","Thousands",,,4400.1,,
"AUT","Austria","YGTT07L1_ST","Labour force","A","Annual","2016","2016","PER","Persons","3","Thousands",,,4490.25,,
"AUT","Austria","YGTT07L1_ST","Labour force","A","Annual","2017","2017","PER","Persons","3","Thousands",,,4508.325,,
"AUT","Austria","YGTT07L1_ST","Labour force","A","Annual","2018","2018","PER","Persons","3","Thousands",,,4539.075,,
"AUT","Austria","YGTT07L1_ST","Labour force","A","Annual","2019","2019","PER","Persons","3","Thousands",,,4559.425,,
"BEL","Belgium","YGTT07L1_ST","Labour force","A","Annual","2005","2005","PER","Persons","3","Thousands",,,4625.85,,
"BEL","Belgium","YGTT07L1_ST","Labour force","A","Annual","2006","2006","PER","Persons","3","Thousands",,,4647.15,,
"BEL","Belgium","YGTT07L1_ST","Labour force","A","Annual","2007","2007","PER","Persons","3","Thousands",,,4733.3,,
"BEL","Belgium","YGTT07L1_ST","Labour force","A","Annual","2008","2008","PER","Persons","3","Thousands",,,4779.3,,
"BEL","Belgium","YGTT07L1_ST","Labour force","A","Annual","2009","2009","PER","Persons","3","Thousands",,,4800.275,,
"BEL","Belgium","YGTT07L1_ST","Labour force","A","Annual","2010","2010","PER","Persons","3","Thousands",,,4894.6,"B","Break"
"BEL","Belgium","YGTT07L1_ST","Labour force","A","Annual","2011","2011","PER","Persons","3","Thousands",,,4855.95,,
"BEL","Belgium","YGTT07L1_ST","Labour force","A","Annual","2012","2012","PER","Persons","3","Thousands",,,4892.925,,
"BEL","Belgium","YGTT07L1_ST","Labour force","A","Annual","2013","2013","PER","Persons","3","Thousands",,,4947.125,,
"BEL","Belgium","YGTT07L1_ST","Labour force","A","Annual","2014","2014","PER","Persons","3","Thousands",,,4966.85,,
"BEL","Belgium","YGTT07L1_ST","Labour force","A","Annual","2015","2015","PER","Persons","3","Thousands",,,4973.475,,
"BEL","Belgium","YGTT07L1_ST","Labour force","A","Annual","2016","2016","PER","Persons","3","Thousands",,,4976.3,"B","Break"
"BEL","Belgium","YGTT07L1_ST","Labour force","A","Annual","2017","2017","PER","Persons","3","Thousands",,,4991.5,,
"BEL","Belgium","YGTT07L1_ST","Labour force","A","Annual","2018","2018","PER","Persons","3","Thousands",,,5055.9,,
"BEL","Belgium","YGTT07L1_ST","Labour force","A","Annual","2019","2019","PER","Persons","3","Thousands",,,5105.675,,
"CAN","Canada","YGTT07L1_ST","Labour force","A","Annual","2005","2005","PER","Persons","3","Thousands",,,17292.13,,
"CAN","Canada","YGTT07L1_ST","Labour force","A","Annual","2006","2006","PER","Persons","3","Thousands",,,17502.2,,
"CAN","Canada","YGTT07L1_ST","Labour force","A","Annual","2007","2007","PER","Persons","3","Thousands",,,17846.53,,
"CAN","Canada","YGTT07L1_ST","Labour force","A","Annual","2008","2008","PER","Persons","3","Thousands",,,18122.4,,
"CAN","Canada","YGTT07L1_ST","Labour force","A","Annual","2009","2009","PER","Persons","3","Thousands",,,18250.43,,
"CAN","Canada","YGTT07L1_ST","Labour force","A","Annual","2010","2010","PER","Persons","3","Thousands",,,18450.53,,
"CAN","Canada","YGTT07L1_ST","Labour force","A","Annual","2011","2011","PER","Persons","3","Thousands",,,18619.57,,
"CAN","Canada","YGTT07L1_ST","Labour force","A","Annual","2012","2012","PER","Persons","3","Thousands",,,18809.53,,
"CAN","Canada","YGTT07L1_ST","Labour force","A","Annual","2013","2013","PER","Persons","3","Thousands",,,19037.78,,
"CAN","Canada","YGTT07L1_ST","Labour force","A","Annual","2014","2014","PER","Persons","3","Thousands",,,19124.46,,
"CAN","Canada","YGTT07L1_ST","Labour force","A","Annual","2015","2015","PER","Persons","3","Thousands",,,19278.04,,
"CAN","Canada","YGTT07L1_ST","Labour force","A","Annual","2016","2016","PER","Persons","3","Thousands",,,19440.52,,
"CAN","Canada","YGTT07L1_ST","Labour force","A","Annual","2017","2017","PER","Persons","3","Thousands",,,19662.94,,
"CAN","Canada","YGTT07L1_ST","Labour force","A","Annual","2018","2018","PER","Persons","3","Thousands",,,19812.81,,
"CAN","Canada","YGTT07L1_ST","Labour force","A","Annual","2019","2019","PER","Persons","3","Thousands",,,20199.55,,
"CZE","Czech Republic","YGTT07L1_ST","Labour force","A","Annual","2005","2005","PER","Persons","3","Thousands",,,5174.2,,
"CZE","Czech Republic","YGTT07L1_ST","Labour force","A","Annual","2006","2006","PER","Persons","3","Thousands",,,5199.725,,
"CZE","Czech Republic","YGTT07L1_ST","Labour force","A","Annual","2007","2007","PER","Persons","3","Thousands",,,5198.575,,
"CZE","Czech Republic","YGTT07L1_ST","Labour force","A","Annual","2008","2008","PER","Persons","3","Thousands",,,5232.3,,
"CZE","Czech Republic","YGTT07L1_ST","Labour force","A","Annual","2009","2009","PER","Persons","3","Thousands",,,5286.45,,
"CZE","Czech Republic","YGTT07L1_ST","Labour force","A","Annual","2010","2010","PER","Persons","3","Thousands",,,5268.75,"B","Break"
"CZE","Czech Republic","YGTT07L1_ST","Labour force","A","Annual","2011","2011","PER","Persons","3","Thousands",,,5223.225,,
"CZE","Czech Republic","YGTT07L1_ST","Labour force","A","Annual","2012","2012","PER","Persons","3","Thousands",,,5256.8,,
"CZE","Czech Republic","YGTT07L1_ST","Labour force","A","Annual","2013","2013","PER","Persons","3","Thousands",,,5306,,
"CZE","Czech Republic","YGTT07L1_ST","Labour force","A","Annual","2014","2014","PER","Persons","3","Thousands",,,5297.875,,
"CZE","Czech Republic","YGTT07L1_ST","Labour force","A","Annual","2015","2015","PER","Persons","3","Thousands",,,5309.85,,
"CZE","Czech Republic","YGTT07L1_ST","Labour force","A","Annual","2016","2016","PER","Persons","3","Thousands",,,5349.975,,
"CZE","Czech Republic","YGTT07L1_ST","Labour force","A","Annual","2017","2017","PER","Persons","3","Thousands",,,5376.975,,
"CZE","Czech Republic","YGTT07L1_ST","Labour force","A","Annual","2018","2018","PER","Persons","3","Thousands",,,5415.3,,
"CZE","Czech Republic","YGTT07L1_ST","Labour force","A","Annual","2019","2019","PER","Persons","3","Thousands",,,5412.075,,
"DNK","Denmark","YGTT07L1_ST","Labour force","A","Annual","2005","2005","PER","Persons","3","Thousands",,,2892.075,,
"DNK","Denmark","YGTT07L1_ST","Labour force","A","Annual","2006","2006","PER","Persons","3","Thousands",,,2919.125,,
"DNK","Denmark","YGTT07L1_ST","Labour force","A","Annual","2007","2007","PER","Persons","3","Thousands",,,2914.45,"B","Break"
"DNK","Denmark","YGTT07L1_ST","Labour force","A","Annual","2008","2008","PER","Persons","3","Thousands",,,2913.475,,
"DNK","Denmark","YGTT07L1_ST","Labour force","A","Annual","2009","2009","PER","Persons","3","Thousands",,,2905.1,,
"DNK","Denmark","YGTT07L1_ST","Labour force","A","Annual","2010","2010","PER","Persons","3","Thousands",,,2884.85,,
"DNK","Denmark","YGTT07L1_ST","Labour force","A","Annual","2011","2011","PER","Persons","3","Thousands",,,2883.575,,
"DNK","Denmark","YGTT07L1_ST","Labour force","A","Annual","2012","2012","PER","Persons","3","Thousands",,,2868.5,,
"DNK","Denmark","YGTT07L1_ST","Labour force","A","Annual","2013","2013","PER","Persons","3","Thousands",,,2846.45,,
"DNK","Denmark","YGTT07L1_ST","Labour force","A","Annual","2014","2014","PER","Persons","3","Thousands",,,2862.125,,
"DNK","Denmark","YGTT07L1_ST","Labour force","A","Annual","2015","2015","PER","Persons","3","Thousands",,,2890.475,"B","Break"
"DNK","Denmark","YGTT07L1_ST","Labour force","A","Annual","2016","2016","PER","Persons","3","Thousands",,,2936.075,"B","Break"
"DNK","Denmark","YGTT07L1_ST","Labour force","A","Annual","2017","2017","PER","Persons","3","Thousands",,,2961.25,,
"DNK","Denmark","YGTT07L1_ST","Labour force","A","Annual","2018","2018","PER","Persons","3","Thousands",,,2985.475,,
"DNK","Denmark","YGTT07L1_ST","Labour force","A","Annual","2019","2019","PER","Persons","3","Thousands",,,3029.675,,
"FIN","Finland","YGTT07L1_ST","Labour force","A","Annual","2005","2005","PER","Persons","3","Thousands",,,2620.5,,
"FIN","Finland","YGTT07L1_ST","Labour force","A","Annual","2006","2006","PER","Persons","3","Thousands",,,2647.85,,
"FIN","Finland","YGTT07L1_ST","Labour force","A","Annual","2007","2007","PER","Persons","3","Thousands",,,2674.975,"B","Break"
"FIN","Finland","YGTT07L1_ST","Labour force","A","Annual","2008","2008","PER","Persons","3","Thousands",,,2703.05,,
"FIN","Finland","YGTT07L1_ST","Labour force","A","Annual","2009","2009","PER","Persons","3","Thousands",,,2678.225,,
"FIN","Finland","YGTT07L1_ST","Labour force","A","Annual","2010","2010","PER","Persons","3","Thousands",,,2671.75,,
"FIN","Finland","YGTT07L1_ST","Labour force","A","Annual","2011","2011","PER","Persons","3","Thousands",,,2682.375,,
"FIN","Finland","YGTT07L1_ST","Labour force","A","Annual","2012","2012","PER","Persons","3","Thousands",,,2690.075,,
"FIN","Finland","YGTT07L1_ST","Labour force","A","Annual","2013","2013","PER","Persons","3","Thousands",,,2675.975,,
"FIN","Finland","YGTT07L1_ST","Labour force","A","Annual","2014","2014","PER","Persons","3","Thousands",,,2679.325,,
"FIN","Finland","YGTT07L1_ST","Labour force","A","Annual","2015","2015","PER","Persons","3","Thousands",,,2688.925,,
"FIN","Finland","YGTT07L1_ST","Labour force","A","Annual","2016","2016","PER","Persons","3","Thousands",,,2684.875,,
"FIN","Finland","YGTT07L1_ST","Labour force","A","Annual","2017","2017","PER","Persons","3","Thousands",,,2707.075,,
"FIN","Finland","YGTT07L1_ST","Labour force","A","Annual","2018","2018","PER","Persons","3","Thousands",,,2741.725,,
"FIN","Finland","YGTT07L1_ST","Labour force","A","Annual","2019","2019","PER","Persons","3","Thousands",,,2749.65,,
"FRA","France","YGTT07L1_ST","Labour force","A","Annual","2005","2005","PER","Persons","3","Thousands",,,27303.18,,
"FRA","France","YGTT07L1_ST","Labour force","A","Annual","2006","2006","PER","Persons","3","Thousands",,,27470.8,,
"FRA","France","YGTT07L1_ST","Labour force","A","Annual","2007","2007","PER","Persons","3","Thousands",,,27708.25,,
"FRA","France","YGTT07L1_ST","Labour force","A","Annual","2008","2008","PER","Persons","3","Thousands",,,27896.93,,
"FRA","France","YGTT07L1_ST","Labour force","A","Annual","2009","2009","PER","Persons","3","Thousands",,,28132.05,,
"FRA","France","YGTT07L1_ST","Labour force","A","Annual","2010","2010","PER","Persons","3","Thousands",,,28235.75,,
"FRA","France","YGTT07L1_ST","Labour force","A","Annual","2011","2011","PER","Persons","3","Thousands",,,28248.3,,
"FRA","France","YGTT07L1_ST","Labour force","A","Annual","2012","2012","PER","Persons","3","Thousands",,,28481.82,,
"FRA","France","YGTT07L1_ST","Labour force","A","Annual","2013","2013","PER","Persons","3","Thousands",,,28625.07,"B","Break"
"FRA","France","YGTT07L1_ST","Labour force","A","Annual","2014","2014","PER","Persons","3","Thousands",,,29402.65,,
"FRA","France","YGTT07L1_ST","Labour force","A","Annual","2015","2015","PER","Persons","3","Thousands",,,29496.28,,
"FRA","France","YGTT07L1_ST","Labour force","A","Annual","2016","2016","PER","Persons","3","Thousands",,,29564.68,,
"FRA","France","YGTT07L1_ST","Labour force","A","Annual","2017","2017","PER","Persons","3","Thousands",,,29618.72,,
"FRA","France","YGTT07L1_ST","Labour force","A","Annual","2018","2018","PER","Persons","3","Thousands",,,29744.95,,
"FRA","France","YGTT07L1_ST","Labour force","A","Annual","2019","2019","PER","Persons","3","Thousands",,,29682.22,,
"DEU","Germany","YGTT07L1_ST","Labour force","A","Annual","2005","2005","PER","Persons","3","Thousands",,,40932.45,,
"DEU","Germany","YGTT07L1_ST","Labour force","A","Annual","2006","2006","PER","Persons","3","Thousands",,,41417.7,,
"DEU","Germany","YGTT07L1_ST","Labour force","A","Annual","2007","2007","PER","Persons","3","Thousands",,,41589.63,,
"DEU","Germany","YGTT07L1_ST","Labour force","A","Annual","2008","2008","PER","Persons","3","Thousands",,,41677.48,,
"DEU","Germany","YGTT07L1_ST","Labour force","A","Annual","2009","2009","PER","Persons","3","Thousands",,,41699.27,"B","Break"
"DEU","Germany","YGTT07L1_ST","Labour force","A","Annual","2010","2010","PER","Persons","3","Thousands",,,40838.35,"B","Break"
"DEU","Germany","YGTT07L1_ST","Labour force","A","Annual","2011","2011","PER","Persons","3","Thousands",,,41185.98,,
"DEU","Germany","YGTT07L1_ST","Labour force","A","Annual","2012","2012","PER","Persons","3","Thousands",,,41350.93,,
"DEU","Germany","YGTT07L1_ST","Labour force","A","Annual","2013","2013","PER","Persons","3","Thousands",,,41713.2,,
"DEU","Germany","YGTT07L1_ST","Labour force","A","Annual","2014","2014","PER","Persons","3","Thousands",,,41961.25,,
"DEU","Germany","YGTT07L1_ST","Labour force","A","Annual","2015","2015","PER","Persons","3","Thousands",,,42160.43,,
"DEU","Germany","YGTT07L1_ST","Labour force","A","Annual","2016","2016","PER","Persons","3","Thousands",,,43041.38,,
"DEU","Germany","YGTT07L1_ST","Labour force","A","Annual","2017","2017","PER","Persons","3","Thousands",,,43284.82,,
"DEU","Germany","YGTT07L1_ST","Labour force","A","Annual","2018","2018","PER","Persons","3","Thousands",,,43382.32,,
"DEU","Germany","YGTT07L1_ST","Labour force","A","Annual","2019","2019","PER","Persons","3","Thousands",,,43772.95,,
"GRC","Greece","YGTT07L1_ST","Labour force","A","Annual","2005","2005","PER","Persons","3","Thousands",,,4936.9,,
"GRC","Greece","YGTT07L1_ST","Labour force","A","Annual","2006","2006","PER","Persons","3","Thousands",,,4975.725,,
"GRC","Greece","YGTT07L1_ST","Labour force","A","Annual","2007","2007","PER","Persons","3","Thousands",,,4982.4,,
"GRC","Greece","YGTT07L1_ST","Labour force","A","Annual","2008","2008","PER","Persons","3","Thousands",,,4998.3,"B","Break"
"GRC","Greece","YGTT07L1_ST","Labour force","A","Annual","2009","2009","PER","Persons","3","Thousands",,,5040.725,,
"GRC","Greece","YGTT07L1_ST","Labour force","A","Annual","2010","2010","PER","Persons","3","Thousands",,,5029.1,,
"GRC","Greece","YGTT07L1_ST","Labour force","A","Annual","2011","2011","PER","Persons","3","Thousands",,,4936.15,,
"GRC","Greece","YGTT07L1_ST","Labour force","A","Annual","2012","2012","PER","Persons","3","Thousands",,,4890.1,,
"GRC","Greece","YGTT07L1_ST","Labour force","A","Annual","2013","2013","PER","Persons","3","Thousands",,,4843.55,,
"GRC","Greece","YGTT07L1_ST","Labour force","A","Annual","2014","2014","PER","Persons","3","Thousands",,,4810.65,,
"GRC","Greece","YGTT07L1_ST","Labour force","A","Annual","2015","2015","PER","Persons","3","Thousands",,,4807.65,,
"GRC","Greece","YGTT07L1_ST","Labour force","A","Annual","2016","2016","PER","Persons","3","Thousands",,,4804.5,,
"GRC","Greece","YGTT07L1_ST","Labour force","A","Annual","2017","2017","PER","Persons","3","Thousands",,,4779.75,,
"GRC","Greece","YGTT07L1_ST","Labour force","A","Annual","2018","2018","PER","Persons","3","Thousands",,,4743.025,,
"GRC","Greece","YGTT07L1_ST","Labour force","A","Annual","2019","2019","PER","Persons","3","Thousands",,,4729.925,,
"HUN","Hungary","YGTT07L1_ST","Labour force","A","Annual","2005","2005","PER","Persons","3","Thousands",,,4203.675,,
"HUN","Hungary","YGTT07L1_ST","Labour force","A","Annual","2006","2006","PER","Persons","3","Thousands",,,4246.6,,
"HUN","Hungary","YGTT07L1_ST","Labour force","A","Annual","2007","2007","PER","Persons","3","Thousands",,,4214.075,,
"HUN","Hungary","YGTT07L1_ST","Labour force","A","Annual","2008","2008","PER","Persons","3","Thousands",,,4174.625,,
"HUN","Hungary","YGTT07L1_ST","Labour force","A","Annual","2009","2009","PER","Persons","3","Thousands",,,4165.6,,
"HUN","Hungary","YGTT07L1_ST","Labour force","A","Annual","2010","2010","PER","Persons","3","Thousands",,,4201.8,,
"HUN","Hungary","YGTT07L1_ST","Labour force","A","Annual","2011","2011","PER","Persons","3","Thousands",,,4224.975,,
"HUN","Hungary","YGTT07L1_ST","Labour force","A","Annual","2012","2012","PER","Persons","3","Thousands",,,4300.375,,
"HUN","Hungary","YGTT07L1_ST","Labour force","A","Annual","2013","2013","PER","Persons","3","Thousands",,,4333.8,,
"HUN","Hungary","YGTT07L1_ST","Labour force","A","Annual","2014","2014","PER","Persons","3","Thousands",,,4444.2,,
"HUN","Hungary","YGTT07L1_ST","Labour force","A","Annual","2015","2015","PER","Persons","3","Thousands",,,4518.375,,
"HUN","Hungary","YGTT07L1_ST","Labour force","A","Annual","2016","2016","PER","Persons","3","Thousands",,,4586.225,,
"HUN","Hungary","YGTT07L1_ST","Labour force","A","Annual","2017","2017","PER","Persons","3","Thousands",,,4613.1,,
"HUN","Hungary","YGTT07L1_ST","Labour force","A","Annual","2018","2018","PER","Persons","3","Thousands",,,4641.6,,
"HUN","Hungary","YGTT07L1_ST","Labour force","A","Annual","2019","2019","PER","Persons","3","Thousands",,,4671.875,,
"ISL","Iceland","YGTT07L1_ST","Labour force","A","Annual","2005","2005","PER","Persons","3","Thousands",,,164.025,,
"ISL","Iceland","YGTT07L1_ST","Labour force","A","Annual","2006","2006","PER","Persons","3","Thousands",,,172.725,,
"ISL","Iceland","YGTT07L1_ST","Labour force","A","Annual","2007","2007","PER","Persons","3","Thousands",,,179.575,"B","Break"
"ISL","Iceland","YGTT07L1_ST","Labour force","A","Annual","2008","2008","PER","Persons","3","Thousands",,,182.425,,
"ISL","Iceland","YGTT07L1_ST","Labour force","A","Annual","2009","2009","PER","Persons","3","Thousands",,,179.175,,
"ISL","Iceland","YGTT07L1_ST","Labour force","A","Annual","2010","2010","PER","Persons","3","Thousands",,,179.325,,
"ISL","Iceland","YGTT07L1_ST","Labour force","A","Annual","2011","2011","PER","Persons","3","Thousands",,,178.55,,
"ISL","Iceland","YGTT07L1_ST","Labour force","A","Annual","2012","2012","PER","Persons","3","Thousands",,,178.625,,
"ISL","Iceland","YGTT07L1_ST","Labour force","A","Annual","2013","2013","PER","Persons","3","Thousands",,,183.1,,
"ISL","Iceland","YGTT07L1_ST","Labour force","A","Annual","2014","2014","PER","Persons","3","Thousands",,,186.75,,
"ISL","Iceland","YGTT07L1_ST","Labour force","A","Annual","2015","2015","PER","Persons","3","Thousands",,,191.25,,
"ISL","Iceland","YGTT07L1_ST","Labour force","A","Annual","2016","2016","PER","Persons","3","Thousands",,,196.3,,
"ISL","Iceland","YGTT07L1_ST","Labour force","A","Annual","2017","2017","PER","Persons","3","Thousands",,,199.325,,
"ISL","Iceland","YGTT07L1_ST","Labour force","A","Annual","2018","2018","PER","Persons","3","Thousands",,,203.875,,
"ISL","Iceland","YGTT07L1_ST","Labour force","A","Annual","2019","2019","PER","Persons","3","Thousands",,,208.325,,
"IRL","Ireland","YGTT07L1_ST","Labour force","A","Annual","2005","2005","PER","Persons","3","Thousands",,,2040.6,,
"IRL","Ireland","YGTT07L1_ST","Labour force","A","Annual","2006","2006","PER","Persons","3","Thousands",,,2138.125,"B","Break"
"IRL","Ireland","YGTT07L1_ST","Labour force","A","Annual","2007","2007","PER","Persons","3","Thousands",,,2337.8,,
"IRL","Ireland","YGTT07L1_ST","Labour force","A","Annual","2008","2008","PER","Persons","3","Thousands",,,2358.8,,
"IRL","Ireland","YGTT07L1_ST","Labour force","A","Annual","2009","2009","PER","Persons","3","Thousands",,,2305.925,,
"IRL","Ireland","YGTT07L1_ST","Labour force","A","Annual","2010","2010","PER","Persons","3","Thousands",,,2253,,
"IRL","Ireland","YGTT07L1_ST","Labour force","A","Annual","2011","2011","PER","Persons","3","Thousands",,,2230.975,,
"IRL","Ireland","YGTT07L1_ST","Labour force","A","Annual","2012","2012","PER","Persons","3","Thousands",,,2224.1,,
"IRL","Ireland","YGTT07L1_ST","Labour force","A","Annual","2013","2013","PER","Persons","3","Thousands",,,2246.325,,
"IRL","Ireland","YGTT07L1_ST","Labour force","A","Annual","2014","2014","PER","Persons","3","Thousands",,,2256.325,,
"IRL","Ireland","YGTT07L1_ST","Labour force","A","Annual","2015","2015","PER","Persons","3","Thousands",,,2283.575,,
"IRL","Ireland","YGTT07L1_ST","Labour force","A","Annual","2016","2016","PER","Persons","3","Thousands",,,2327.125,,
"IRL","Ireland","YGTT07L1_ST","Labour force","A","Annual","2017","2017","PER","Persons","3","Thousands",,,2352,"B","Break"
"IRL","Ireland","YGTT07L1_ST","Labour force","A","Annual","2018","2018","PER","Persons","3","Thousands",,,2395.025,,
"IRL","Ireland","YGTT07L1_ST","Labour force","A","Annual","2019","2019","PER","Persons","3","Thousands",,,2443.425,,
"ITA","Italy","YGTT07L1_ST","Labour force","A","Annual","2005","2005","PER","Persons","3","Thousands",,,24284.3,,
"ITA","Italy","YGTT07L1_ST","Labour force","A","Annual","2006","2006","PER","Persons","3","Thousands",,,24411.88,,
"ITA","Italy","YGTT07L1_ST","Labour force","A","Annual","2007","2007","PER","Persons","3","Thousands",,,24375.32,,
"ITA","Italy","YGTT07L1_ST","Labour force","A","Annual","2008","2008","PER","Persons","3","Thousands",,,24754.65,,
"ITA","Italy","YGTT07L1_ST","Labour force","A","Annual","2009","2009","PER","Persons","3","Thousands",,,24605.28,,
"ITA","Italy","YGTT07L1_ST","Labour force","A","Annual","2010","2010","PER","Persons","3","Thousands",,,24582.57,,
"ITA","Italy","YGTT07L1_ST","Labour force","A","Annual","2011","2011","PER","Persons","3","Thousands",,,24659.53,,
"ITA","Italy","YGTT07L1_ST","Labour force","A","Annual","2012","2012","PER","Persons","3","Thousands",,,25256.97,,
"ITA","Italy","YGTT07L1_ST","Labour force","A","Annual","2013","2013","PER","Persons","3","Thousands",,,25259.2,,
"ITA","Italy","YGTT07L1_ST","Labour force","A","Annual","2014","2014","PER","Persons","3","Thousands",,,25514.9,,
"ITA","Italy","YGTT07L1_ST","Labour force","A","Annual","2015","2015","PER","Persons","3","Thousands",,,25498.03,,
"ITA","Italy","YGTT07L1_ST","Labour force","A","Annual","2016","2016","PER","Persons","3","Thousands",,,25769.88,,
"ITA","Italy","YGTT07L1_ST","Labour force","A","Annual","2017","2017","PER","Persons","3","Thousands",,,25929.85,,
"ITA","Italy","YGTT07L1_ST","Labour force","A","Annual","2018","2018","PER","Persons","3","Thousands",,,25970.43,,
"ITA","Italy","YGTT07L1_ST","Labour force","A","Annual","2019","2019","PER","Persons","3","Thousands",,,25941.4,,
"JPN","Japan","YGTT07L1_ST","Labour force","A","Annual","2005","2005","PER","Persons","3","Thousands",,,66505.84,,
"JPN","Japan","YGTT07L1_ST","Labour force","A","Annual","2006","2006","PER","Persons","3","Thousands",,,66638.34,,
"JPN","Japan","YGTT07L1_ST","Labour force","A","Annual","2007","2007","PER","Persons","3","Thousands",,,66843.34,,
"JPN","Japan","YGTT07L1_ST","Labour force","A","Annual","2008","2008","PER","Persons","3","Thousands",,,66740,,
"JPN","Japan","YGTT07L1_ST","Labour force","A","Annual","2009","2009","PER","Persons","3","Thousands",,,66500,,
"JPN","Japan","YGTT07L1_ST","Labour force","A","Annual","2010","2010","PER","Persons","3","Thousands",,,66317.5,,
"JPN","Japan","YGTT07L1_ST","Labour force","A","Annual","2011","2011","PER","Persons","3","Thousands",,,65955,"B","Break"
"JPN","Japan","YGTT07L1_ST","Labour force","A","Annual","2012","2012","PER","Persons","3","Thousands",,,65651.66,,
"JPN","Japan","YGTT07L1_ST","Labour force","A","Annual","2013","2013","PER","Persons","3","Thousands",,,65927.5,,
"JPN","Japan","YGTT07L1_ST","Labour force","A","Annual","2014","2014","PER","Persons","3","Thousands",,,66087.5,,
"JPN","Japan","YGTT07L1_ST","Labour force","A","Annual","2015","2015","PER","Persons","3","Thousands",,,66247.5,,
"JPN","Japan","YGTT07L1_ST","Labour force","A","Annual","2016","2016","PER","Persons","3","Thousands",,,66730.84,,
"JPN","Japan","YGTT07L1_ST","Labour force","A","Annual","2017","2017","PER","Persons","3","Thousands",,,67201.66,,
"JPN","Japan","YGTT07L1_ST","Labour force","A","Annual","2018","2018","PER","Persons","3","Thousands",,,68301.66,,
"JPN","Japan","YGTT07L1_ST","Labour force","A","Annual","2019","2019","PER","Persons","3","Thousands",,,68863.34,,
"KOR","Korea","YGTT07L1_ST","Labour force","A","Annual","2005","2005","PER","Persons","3","Thousands",,,23718.32,,
"KOR","Korea","YGTT07L1_ST","Labour force","A","Annual","2006","2006","PER","Persons","3","Thousands",,,24023.77,,
"KOR","Korea","YGTT07L1_ST","Labour force","A","Annual","2007","2007","PER","Persons","3","Thousands",,,24351.38,,
"KOR","Korea","YGTT07L1_ST","Labour force","A","Annual","2008","2008","PER","Persons","3","Thousands",,,24550.63,,
"KOR","Korea","YGTT07L1_ST","Labour force","A","Annual","2009","2009","PER","Persons","3","Thousands",,,24581.86,,
"KOR","Korea","YGTT07L1_ST","Labour force","A","Annual","2010","2010","PER","Persons","3","Thousands",,,24956.43,,
"KOR","Korea","YGTT07L1_ST","Labour force","A","Annual","2011","2011","PER","Persons","3","Thousands",,,25389,,
"KOR","Korea","YGTT07L1_ST","Labour force","A","Annual","2012","2012","PER","Persons","3","Thousands",,,25780.84,,
"KOR","Korea","YGTT07L1_ST","Labour force","A","Annual","2013","2013","PER","Persons","3","Thousands",,,26107.58,,
"KOR","Korea","YGTT07L1_ST","Labour force","A","Annual","2014","2014","PER","Persons","3","Thousands",,,26835.7,,
"KOR","Korea","YGTT07L1_ST","Labour force","A","Annual","2015","2015","PER","Persons","3","Thousands",,,27153.43,,
"KOR","Korea","YGTT07L1_ST","Labour force","A","Annual","2016","2016","PER","Persons","3","Thousands",,,27418.33,,
"KOR","Korea","YGTT07L1_ST","Labour force","A","Annual","2017","2017","PER","Persons","3","Thousands",,,27747.71,,
"KOR","Korea","YGTT07L1_ST","Labour force","A","Annual","2018","2018","PER","Persons","3","Thousands",,,27895.33,,
"KOR","Korea","YGTT07L1_ST","Labour force","A","Annual","2019","2019","PER","Persons","3","Thousands",,,28186.17,,
"LUX","Luxembourg","YGTT07L1_ST","Labour force","A","Annual","2005","2005","PER","Persons","3","Thousands",,,202.7,,
"LUX","Luxembourg","YGTT07L1_ST","Labour force","A","Annual","2006","2006","PER","Persons","3","Thousands",,,205,"B","Break"
"LUX","Luxembourg","YGTT07L1_ST","Labour force","A","Annual","2007","2007","PER","Persons","3","Thousands",,,211.475,,
"LUX","Luxembourg","YGTT07L1_ST","Labour force","A","Annual","2008","2008","PER","Persons","3","Thousands",,,213.15,"B","Break"
"LUX","Luxembourg","YGTT07L1_ST","Labour force","A","Annual","2009","2009","PER","Persons","3","Thousands",,,228.9,,
"LUX","Luxembourg","YGTT07L1_ST","Labour force","A","Annual","2010","2010","PER","Persons","3","Thousands",,,230.9,,
"LUX","Luxembourg","YGTT07L1_ST","Labour force","A","Annual","2011","2011","PER","Persons","3","Thousands",,,236.325,,
"LUX","Luxembourg","YGTT07L1_ST","Labour force","A","Annual","2012","2012","PER","Persons","3","Thousands",,,248.875,,
"LUX","Luxembourg","YGTT07L1_ST","Labour force","A","Annual","2013","2013","PER","Persons","3","Thousands",,,253.55,,
"LUX","Luxembourg","YGTT07L1_ST","Labour force","A","Annual","2014","2014","PER","Persons","3","Thousands",,,260.9,"B","Break"
"LUX","Luxembourg","YGTT07L1_ST","Labour force","A","Annual","2015","2015","PER","Persons","3","Thousands",,,275.875,,
"LUX","Luxembourg","YGTT07L1_ST","Labour force","A","Annual","2016","2016","PER","Persons","3","Thousands",,,277.975,,
"LUX","Luxembourg","YGTT07L1_ST","Labour force","A","Annual","2017","2017","PER","Persons","3","Thousands",,,287.75,,
"LUX","Luxembourg","YGTT07L1_ST","Labour force","A","Annual","2018","2018","PER","Persons","3","Thousands",,,296.475,,
"LUX","Luxembourg","YGTT07L1_ST","Labour force","A","Annual","2019","2019","PER","Persons","3","Thousands",,,306.275,,
"MEX","Mexico","YGTT07L1_ST","Labour force","A","Annual","2005","2005","PER","Persons","3","Thousands",,,43631.5,,
"MEX","Mexico","YGTT07L1_ST","Labour force","A","Annual","2006","2006","PER","Persons","3","Thousands",,,44982.52,,
"MEX","Mexico","YGTT07L1_ST","Labour force","A","Annual","2007","2007","PER","Persons","3","Thousands",,,45904.54,,
"MEX","Mexico","YGTT07L1_ST","Labour force","A","Annual","2008","2008","PER","Persons","3","Thousands",,,46769.21,,
"MEX","Mexico","YGTT07L1_ST","Labour force","A","Annual","2009","2009","PER","Persons","3","Thousands",,,48018.36,,
"MEX","Mexico","YGTT07L1_ST","Labour force","A","Annual","2010","2010","PER","Persons","3","Thousands",,,48717.79,,
"MEX","Mexico","YGTT07L1_ST","Labour force","A","Annual","2011","2011","PER","Persons","3","Thousands",,,49721.7,,
"MEX","Mexico","YGTT07L1_ST","Labour force","A","Annual","2012","2012","PER","Persons","3","Thousands",,,51228.77,,
"MEX","Mexico","YGTT07L1_ST","Labour force","A","Annual","2013","2013","PER","Persons","3","Thousands",,,51787.09,,
"MEX","Mexico","YGTT07L1_ST","Labour force","A","Annual","2014","2014","PER","Persons","3","Thousands",,,51924.05,,
"MEX","Mexico","YGTT07L1_ST","Labour force","A","Annual","2015","2015","PER","Persons","3","Thousands",,,52905.13,,
"MEX","Mexico","YGTT07L1_ST","Labour force","A","Annual","2016","2016","PER","Persons","3","Thousands",,,53679.95,,
"MEX","Mexico","YGTT07L1_ST","Labour force","A","Annual","2017","2017","PER","Persons","3","Thousands",,,54204.27,,
"MEX","Mexico","YGTT07L1_ST","Labour force","A","Annual","2018","2018","PER","Persons","3","Thousands",,,55554.91,,
"MEX","Mexico","YGTT07L1_ST","Labour force","A","Annual","2019","2019","PER","Persons","3","Thousands",,,56991.2,,
"NLD","Netherlands","YGTT07L1_ST","Labour force","A","Annual","2005","2005","PER","Persons","3","Thousands",,,8319.975,,
"NLD","Netherlands","YGTT07L1_ST","Labour force","A","Annual","2006","2006","PER","Persons","3","Thousands",,,8375.475,,
"NLD","Netherlands","YGTT07L1_ST","Labour force","A","Annual","2007","2007","PER","Persons","3","Thousands",,,8541.375,,
"NLD","Netherlands","YGTT07L1_ST","Labour force","A","Annual","2008","2008","PER","Persons","3","Thousands",,,8695.65,,
"NLD","Netherlands","YGTT07L1_ST","Labour force","A","Annual","2009","2009","PER","Persons","3","Thousands",,,8764.4,,
"NLD","Netherlands","YGTT07L1_ST","Labour force","A","Annual","2010","2010","PER","Persons","3","Thousands",,,8724.95,,
"NLD","Netherlands","YGTT07L1_ST","Labour force","A","Annual","2011","2011","PER","Persons","3","Thousands",,,8725.675,,
"NLD","Netherlands","YGTT07L1_ST","Labour force","A","Annual","2012","2012","PER","Persons","3","Thousands",,,8860.9,,
"NLD","Netherlands","YGTT07L1_ST","Labour force","A","Annual","2013","2013","PER","Persons","3","Thousands",,,8932.15,,
"NLD","Netherlands","YGTT07L1_ST","Labour force","A","Annual","2014","2014","PER","Persons","3","Thousands",,,8895.75,,
"NLD","Netherlands","YGTT07L1_ST","Labour force","A","Annual","2015","2015","PER","Persons","3","Thousands",,,8932.525,,
"NLD","Netherlands","YGTT07L1_ST","Labour force","A","Annual","2016","2016","PER","Persons","3","Thousands",,,8965.55,,
"NLD","Netherlands","YGTT07L1_ST","Labour force","A","Annual","2017","2017","PER","Persons","3","Thousands",,,9042.35,,
"NLD","Netherlands","YGTT07L1_ST","Labour force","A","Annual","2018","2018","PER","Persons","3","Thousands",,,9148.425,,
"NLD","Netherlands","YGTT07L1_ST","Labour force","A","Annual","2019","2019","PER","Persons","3","Thousands",,,9296.6,,
"NZL","New Zealand","YGTT07L1_ST","Labour force","A","Annual","2005","2005","PER","Persons","3","Thousands",,,2164.875,,
"NZL","New Zealand","YGTT07L1_ST","Labour force","A","Annual","2006","2006","PER","Persons","3","Thousands",,,2216.8,,
"NZL","New Zealand","YGTT07L1_ST","Labour force","A","Annual","2007","2007","PER","Persons","3","Thousands",,,2248.85,,
"NZL","New Zealand","YGTT07L1_ST","Labour force","A","Annual","2008","2008","PER","Persons","3","Thousands",,,2266.175,,
"NZL","New Zealand","YGTT07L1_ST","Labour force","A","Annual","2009","2009","PER","Persons","3","Thousands",,,2278.6,,
"NZL","New Zealand","YGTT07L1_ST","Labour force","A","Annual","2010","2010","PER","Persons","3","Thousands",,,2296.3,,
"NZL","New Zealand","YGTT07L1_ST","Labour force","A","Annual","2011","2011","PER","Persons","3","Thousands",,,2325.075,,
"NZL","New Zealand","YGTT07L1_ST","Labour force","A","Annual","2012","2012","PER","Persons","3","Thousands",,,2331.15,,
"NZL","New Zealand","YGTT07L1_ST","Labour force","A","Annual","2013","2013","PER","Persons","3","Thousands",,,2361.5,,
"NZL","New Zealand","YGTT07L1_ST","Labour force","A","Annual","2014","2014","PER","Persons","3","Thousands",,,2440.95,,
"NZL","New Zealand","YGTT07L1_ST","Labour force","A","Annual","2015","2015","PER","Persons","3","Thousands",,,2504.05,,
"NZL","New Zealand","YGTT07L1_ST","Labour force","A","Annual","2016","2016","PER","Persons","3","Thousands",,,2617.375,,
"NZL","New Zealand","YGTT07L1_ST","Labour force","A","Annual","2017","2017","PER","Persons","3","Thousands",,,2715.05,,
"NZL","New Zealand","YGTT07L1_ST","Labour force","A","Annual","2018","2018","PER","Persons","3","Thousands",,,2772.425,,
"NZL","New Zealand","YGTT07L1_ST","Labour force","A","Annual","2019","2019","PER","Persons","3","Thousands",,,2810.575,,
"NOR","Norway","YGTT07L1_ST","Labour force","A","Annual","2005","2005","PER","Persons","3","Thousands",,,2387.2,"B","Break"
"NOR","Norway","YGTT07L1_ST","Labour force","A","Annual","2006","2006","PER","Persons","3","Thousands",,,2435.75,,
"NOR","Norway","YGTT07L1_ST","Labour force","A","Annual","2007","2007","PER","Persons","3","Thousands",,,2496.425,,
"NOR","Norway","YGTT07L1_ST","Labour force","A","Annual","2008","2008","PER","Persons","3","Thousands",,,2579.475,,
"NOR","Norway","YGTT07L1_ST","Labour force","A","Annual","2009","2009","PER","Persons","3","Thousands",,,2579.5,,
"NOR","Norway","YGTT07L1_ST","Labour force","A","Annual","2010","2010","PER","Persons","3","Thousands",,,2592.05,,
"NOR","Norway","YGTT07L1_ST","Labour force","A","Annual","2011","2011","PER","Persons","3","Thousands",,,2619.75,,
"NOR","Norway","YGTT07L1_ST","Labour force","A","Annual","2012","2012","PER","Persons","3","Thousands",,,2668.775,,
"NOR","Norway","YGTT07L1_ST","Labour force","A","Annual","2013","2013","PER","Persons","3","Thousands",,,2693.8,,
"NOR","Norway","YGTT07L1_ST","Labour force","A","Annual","2014","2014","PER","Persons","3","Thousands",,,2721.4,,
"NOR","Norway","YGTT07L1_ST","Labour force","A","Annual","2015","2015","PER","Persons","3","Thousands",,,2759.575,,
"NOR","Norway","YGTT07L1_ST","Labour force","A","Annual","2016","2016","PER","Persons","3","Thousands",,,2767.65,,
"NOR","Norway","YGTT07L1_ST","Labour force","A","Annual","2017","2017","PER","Persons","3","Thousands",,,2758.7,,
"NOR","Norway","YGTT07L1_ST","Labour force","A","Annual","2018","2018","PER","Persons","3","Thousands",,,2791.95,,
"NOR","Norway","YGTT07L1_ST","Labour force","A","Annual","2019","2019","PER","Persons","3","Thousands",,,2819.475,,
"POL","Poland","YGTT07L1_ST","Labour force","A","Annual","2005","2005","PER","Persons","3","Thousands",,,17160.97,,
"POL","Poland","YGTT07L1_ST","Labour force","A","Annual","2006","2006","PER","Persons","3","Thousands",,,16937.93,,
"POL","Poland","YGTT07L1_ST","Labour force","A","Annual","2007","2007","PER","Persons","3","Thousands",,,16859.25,,
"POL","Poland","YGTT07L1_ST","Labour force","A","Annual","2008","2008","PER","Persons","3","Thousands",,,17010.55,,
"POL","Poland","YGTT07L1_ST","Labour force","A","Annual","2009","2009","PER","Persons","3","Thousands",,,17279.2,"B","Break"
"POL","Poland","YGTT07L1_ST","Labour force","A","Annual","2010","2010","PER","Persons","3","Thousands",,,17123.28,,
"POL","Poland","YGTT07L1_ST","Labour force","A","Annual","2011","2011","PER","Persons","3","Thousands",,,17220.78,,
"POL","Poland","YGTT07L1_ST","Labour force","A","Annual","2012","2012","PER","Persons","3","Thousands",,,17339.88,,
"POL","Poland","YGTT07L1_ST","Labour force","A","Annual","2013","2013","PER","Persons","3","Thousands",,,17360.7,,
"POL","Poland","YGTT07L1_ST","Labour force","A","Annual","2014","2014","PER","Persons","3","Thousands",,,17428.25,,
"POL","Poland","YGTT07L1_ST","Labour force","A","Annual","2015","2015","PER","Persons","3","Thousands",,,17388.13,,
"POL","Poland","YGTT07L1_ST","Labour force","A","Annual","2016","2016","PER","Persons","3","Thousands",,,17260.28,,
"POL","Poland","YGTT07L1_ST","Labour force","A","Annual","2017","2017","PER","Persons","3","Thousands",,,17266.57,,
"POL","Poland","YGTT07L1_ST","Labour force","A","Annual","2018","2018","PER","Persons","3","Thousands",,,17143.28,,
"POL","Poland","YGTT07L1_ST","Labour force","A","Annual","2019","2019","PER","Persons","3","Thousands",,,17018.68,,
"PRT","Portugal","YGTT07L1_ST","Labour force","A","Annual","2005","2005","PER","Persons","3","Thousands",,,5461.4,,
"PRT","Portugal","YGTT07L1_ST","Labour force","A","Annual","2006","2006","PER","Persons","3","Thousands",,,5499.625,,
"PRT","Portugal","YGTT07L1_ST","Labour force","A","Annual","2007","2007","PER","Persons","3","Thousands",,,5533.15,,
"PRT","Portugal","YGTT07L1_ST","Labour force","A","Annual","2008","2008","PER","Persons","3","Thousands",,,5534.575,,
"PRT","Portugal","YGTT07L1_ST","Labour force","A","Annual","2009","2009","PER","Persons","3","Thousands",,,5486.075,,
"PRT","Portugal","YGTT07L1_ST","Labour force","A","Annual","2010","2010","PER","Persons","3","Thousands",,,5489.675,"B","Break"
"PRT","Portugal","YGTT07L1_ST","Labour force","A","Annual","2011","2011","PER","Persons","3","Thousands",,,5428.25,,
"PRT","Portugal","YGTT07L1_ST","Labour force","A","Annual","2012","2012","PER","Persons","3","Thousands",,,5382.6,,
"PRT","Portugal","YGTT07L1_ST","Labour force","A","Annual","2013","2013","PER","Persons","3","Thousands",,,5284.6,,
"PRT","Portugal","YGTT07L1_ST","Labour force","A","Annual","2014","2014","PER","Persons","3","Thousands",,,5225.575,,
"PRT","Portugal","YGTT07L1_ST","Labour force","A","Annual","2015","2015","PER","Persons","3","Thousands",,,5195.175,,
"PRT","Portugal","YGTT07L1_ST","Labour force","A","Annual","2016","2016","PER","Persons","3","Thousands",,,5178.275,,
"PRT","Portugal","YGTT07L1_ST","Labour force","A","Annual","2017","2017","PER","Persons","3","Thousands",,,5219.425,,
"PRT","Portugal","YGTT07L1_ST","Labour force","A","Annual","2018","2018","PER","Persons","3","Thousands",,,5232.6,,
"PRT","Portugal","YGTT07L1_ST","Labour force","A","Annual","2019","2019","PER","Persons","3","Thousands",,,5252.55,,
"SVK","Slovak Republic","YGTT07L1_ST","Labour force","A","Annual","2005","2005","PER","Persons","3","Thousands",,,2645.25,,
"SVK","Slovak Republic","YGTT07L1_ST","Labour force","A","Annual","2006","2006","PER","Persons","3","Thousands",,,2657.7,,
"SVK","Slovak Republic","YGTT07L1_ST","Labour force","A","Annual","2007","2007","PER","Persons","3","Thousands",,,2653.375,,
"SVK","Slovak Republic","YGTT07L1_ST","Labour force","A","Annual","2008","2008","PER","Persons","3","Thousands",,,2689.45,,
"SVK","Slovak Republic","YGTT07L1_ST","Labour force","A","Annual","2009","2009","PER","Persons","3","Thousands",,,2689.775,,
"SVK","Slovak Republic","YGTT07L1_ST","Labour force","A","Annual","2010","2010","PER","Persons","3","Thousands",,,2706.7,"B","Break"
"SVK","Slovak Republic","YGTT07L1_ST","Labour force","A","Annual","2011","2011","PER","Persons","3","Thousands",,,2680.3,,
"SVK","Slovak Republic","YGTT07L1_ST","Labour force","A","Annual","2012","2012","PER","Persons","3","Thousands",,,2706.95,,
"SVK","Slovak Republic","YGTT07L1_ST","Labour force","A","Annual","2013","2013","PER","Persons","3","Thousands",,,2715.4,,
"SVK","Slovak Republic","YGTT07L1_ST","Labour force","A","Annual","2014","2014","PER","Persons","3","Thousands",,,2721.925,,
"SVK","Slovak Republic","YGTT07L1_ST","Labour force","A","Annual","2015","2015","PER","Persons","3","Thousands",,,2738.4,,
"SVK","Slovak Republic","YGTT07L1_ST","Labour force","A","Annual","2016","2016","PER","Persons","3","Thousands",,,2758.9,,
"SVK","Slovak Republic","YGTT07L1_ST","Labour force","A","Annual","2017","2017","PER","Persons","3","Thousands",,,2754.65,,
"SVK","Slovak Republic","YGTT07L1_ST","Labour force","A","Annual","2018","2018","PER","Persons","3","Thousands",,,2746.25,,
"SVK","Slovak Republic","YGTT07L1_ST","Labour force","A","Annual","2019","2019","PER","Persons","3","Thousands",,,2741.4,,
"ESP","Spain","YGTT07L1_ST","Labour force","A","Annual","2005","2005","PER","Persons","3","Thousands",,,21140.55,,
"ESP","Spain","YGTT07L1_ST","Labour force","A","Annual","2006","2006","PER","Persons","3","Thousands",,,21779.97,,
"ESP","Spain","YGTT07L1_ST","Labour force","A","Annual","2007","2007","PER","Persons","3","Thousands",,,22426.1,,
"ESP","Spain","YGTT07L1_ST","Labour force","A","Annual","2008","2008","PER","Persons","3","Thousands",,,23065.55,,
"ESP","Spain","YGTT07L1_ST","Labour force","A","Annual","2009","2009","PER","Persons","3","Thousands",,,23260.4,,
"ESP","Spain","YGTT07L1_ST","Labour force","A","Annual","2010","2010","PER","Persons","3","Thousands",,,23364.6,,
"ESP","Spain","YGTT07L1_ST","Labour force","A","Annual","2011","2011","PER","Persons","3","Thousands",,,23434.07,,
"ESP","Spain","YGTT07L1_ST","Labour force","A","Annual","2012","2012","PER","Persons","3","Thousands",,,23443.7,,
"ESP","Spain","YGTT07L1_ST","Labour force","A","Annual","2013","2013","PER","Persons","3","Thousands",,,23190.15,,
"ESP","Spain","YGTT07L1_ST","Labour force","A","Annual","2014","2014","PER","Persons","3","Thousands",,,22954.57,,
"ESP","Spain","YGTT07L1_ST","Labour force","A","Annual","2015","2015","PER","Persons","3","Thousands",,,22922.03,,
"ESP","Spain","YGTT07L1_ST","Labour force","A","Annual","2016","2016","PER","Persons","3","Thousands",,,22822.72,,
"ESP","Spain","YGTT07L1_ST","Labour force","A","Annual","2017","2017","PER","Persons","3","Thousands",,,22741.7,,
"ESP","Spain","YGTT07L1_ST","Labour force","A","Annual","2018","2018","PER","Persons","3","Thousands",,,22806.82,,
"ESP","Spain","YGTT07L1_ST","Labour force","A","Annual","2019","2019","PER","Persons","3","Thousands",,,23027.1,,
"SWE","Sweden","YGTT07L1_ST","Labour force","A","Annual","2005","2005","PER","Persons","3","Thousands",,,4687.325,"B","Break"
"SWE","Sweden","YGTT07L1_ST","Labour force","A","Annual","2006","2006","PER","Persons","3","Thousands",,,4766.25,,
"SWE","Sweden","YGTT07L1_ST","Labour force","A","Annual","2007","2007","PER","Persons","3","Thousands",,,4838.8,,
"SWE","Sweden","YGTT07L1_ST","Labour force","A","Annual","2008","2008","PER","Persons","3","Thousands",,,4898.35,,
"SWE","Sweden","YGTT07L1_ST","Labour force","A","Annual","2009","2009","PER","Persons","3","Thousands",,,4909.325,,
"SWE","Sweden","YGTT07L1_ST","Labour force","A","Annual","2010","2010","PER","Persons","3","Thousands",,,4949.85,,
"SWE","Sweden","YGTT07L1_ST","Labour force","A","Annual","2011","2011","PER","Persons","3","Thousands",,,5017.475,,
"SWE","Sweden","YGTT07L1_ST","Labour force","A","Annual","2012","2012","PER","Persons","3","Thousands",,,5060.75,,
"SWE","Sweden","YGTT07L1_ST","Labour force","A","Annual","2013","2013","PER","Persons","3","Thousands",,,5116.475,,
"SWE","Sweden","YGTT07L1_ST","Labour force","A","Annual","2014","2014","PER","Persons","3","Thousands",,,5184.475,,
"SWE","Sweden","YGTT07L1_ST","Labour force","A","Annual","2015","2015","PER","Persons","3","Thousands",,,5225.125,,
"SWE","Sweden","YGTT07L1_ST","Labour force","A","Annual","2016","2016","PER","Persons","3","Thousands",,,5278.925,,
"SWE","Sweden","YGTT07L1_ST","Labour force","A","Annual","2017","2017","PER","Persons","3","Thousands",,,5383.3,,
"SWE","Sweden","YGTT07L1_ST","Labour force","A","Annual","2018","2018","PER","Persons","3","Thousands",,,5443.75,"B","Break"
"SWE","Sweden","YGTT07L1_ST","Labour force","A","Annual","2019","2019","PER","Persons","3","Thousands",,,5507.9,,
"CHE","Switzerland","YGTT07L1_ST","Labour force","A","Annual","2005","2005","PER","Persons","3","Thousands",,,4159,,
"CHE","Switzerland","YGTT07L1_ST","Labour force","A","Annual","2006","2006","PER","Persons","3","Thousands",,,4220.2,,
"CHE","Switzerland","YGTT07L1_ST","Labour force","A","Annual","2007","2007","PER","Persons","3","Thousands",,,4278.3,,
"CHE","Switzerland","YGTT07L1_ST","Labour force","A","Annual","2008","2008","PER","Persons","3","Thousands",,,4375.4,,
"CHE","Switzerland","YGTT07L1_ST","Labour force","A","Annual","2009","2009","PER","Persons","3","Thousands",,,4451.2,"B","Break"
"CHE","Switzerland","YGTT07L1_ST","Labour force","A","Annual","2010","2010","PER","Persons","3","Thousands",,,4419.9,,
"CHE","Switzerland","YGTT07L1_ST","Labour force","A","Annual","2011","2011","PER","Persons","3","Thousands",,,4496,,
"CHE","Switzerland","YGTT07L1_ST","Labour force","A","Annual","2012","2012","PER","Persons","3","Thousands",,,4555.675,,
"CHE","Switzerland","YGTT07L1_ST","Labour force","A","Annual","2013","2013","PER","Persons","3","Thousands",,,4611.875,,
"CHE","Switzerland","YGTT07L1_ST","Labour force","A","Annual","2014","2014","PER","Persons","3","Thousands",,,4695.625,,
"CHE","Switzerland","YGTT07L1_ST","Labour force","A","Annual","2015","2015","PER","Persons","3","Thousands",,,4767.275,,
"CHE","Switzerland","YGTT07L1_ST","Labour force","A","Annual","2016","2016","PER","Persons","3","Thousands",,,4842.55,,
"CHE","Switzerland","YGTT07L1_ST","Labour force","A","Annual","2017","2017","PER","Persons","3","Thousands",,,4870.35,,
"CHE","Switzerland","YGTT07L1_ST","Labour force","A","Annual","2018","2018","PER","Persons","3","Thousands",,,4906.575,,
"CHE","Switzerland","YGTT07L1_ST","Labour force","A","Annual","2019","2019","PER","Persons","3","Thousands",,,4922.05,,
"TUR","Turkey","YGTT07L1_ST","Labour force","A","Annual","2006","2006","PER","Persons","3","Thousands",,,22384.75,,
"TUR","Turkey","YGTT07L1_ST","Labour force","A","Annual","2007","2007","PER","Persons","3","Thousands",,,22769,,
"TUR","Turkey","YGTT07L1_ST","Labour force","A","Annual","2008","2008","PER","Persons","3","Thousands",,,23472.13,,
"TUR","Turkey","YGTT07L1_ST","Labour force","A","Annual","2009","2009","PER","Persons","3","Thousands",,,24323.9,,
"TUR","Turkey","YGTT07L1_ST","Labour force","A","Annual","2010","2010","PER","Persons","3","Thousands",,,25288.35,,
"TUR","Turkey","YGTT07L1_ST","Labour force","A","Annual","2011","2011","PER","Persons","3","Thousands",,,26423.57,,
"TUR","Turkey","YGTT07L1_ST","Labour force","A","Annual","2012","2012","PER","Persons","3","Thousands",,,27021.45,,
"TUR","Turkey","YGTT07L1_ST","Labour force","A","Annual","2013","2013","PER","Persons","3","Thousands",,,27961.32,"B","Break"
"TUR","Turkey","YGTT07L1_ST","Labour force","A","Annual","2014","2014","PER","Persons","3","Thousands",,,28773.5,,
"TUR","Turkey","YGTT07L1_ST","Labour force","A","Annual","2015","2015","PER","Persons","3","Thousands",,,29653.9,,
"TUR","Turkey","YGTT07L1_ST","Labour force","A","Annual","2016","2016","PER","Persons","3","Thousands",,,30523.97,,
"TUR","Turkey","YGTT07L1_ST","Labour force","A","Annual","2017","2017","PER","Persons","3","Thousands",,,31617.38,,
"TUR","Turkey","YGTT07L1_ST","Labour force","A","Annual","2018","2018","PER","Persons","3","Thousands",,,32245.32,,
"TUR","Turkey","YGTT07L1_ST","Labour force","A","Annual","2019","2019","PER","Persons","3","Thousands",,,32524.88,,
"GBR","United Kingdom","YGTT07L1_ST","Labour force","A","Annual","2005","2005","PER","Persons","3","Thousands",,,30171.95,,
"GBR","United Kingdom","YGTT07L1_ST","Labour force","A","Annual","2006","2006","PER","Persons","3","Thousands",,,30682.1,"B","Break"
"GBR","United Kingdom","YGTT07L1_ST","Labour force","A","Annual","2007","2007","PER","Persons","3","Thousands",,,30885.88,"B","Break"
"GBR","United Kingdom","YGTT07L1_ST","Labour force","A","Annual","2008","2008","PER","Persons","3","Thousands",,,31276.32,,
"GBR","United Kingdom","YGTT07L1_ST","Labour force","A","Annual","2009","2009","PER","Persons","3","Thousands",,,31427.45,,
"GBR","United Kingdom","YGTT07L1_ST","Labour force","A","Annual","2010","2010","PER","Persons","3","Thousands",,,31584.32,,
"GBR","United Kingdom","YGTT07L1_ST","Labour force","A","Annual","2011","2011","PER","Persons","3","Thousands",,,31841.43,,
"GBR","United Kingdom","YGTT07L1_ST","Labour force","A","Annual","2012","2012","PER","Persons","3","Thousands",,,32128.93,,
"GBR","United Kingdom","YGTT07L1_ST","Labour force","A","Annual","2013","2013","PER","Persons","3","Thousands",,,32390.82,,
"GBR","United Kingdom","YGTT07L1_ST","Labour force","A","Annual","2014","2014","PER","Persons","3","Thousands",,,32667.22,,
"GBR","United Kingdom","YGTT07L1_ST","Labour force","A","Annual","2015","2015","PER","Persons","3","Thousands",,,32943.18,,
"GBR","United Kingdom","YGTT07L1_ST","Labour force","A","Annual","2016","2016","PER","Persons","3","Thousands",,,33246.82,,
"GBR","United Kingdom","YGTT07L1_ST","Labour force","A","Annual","2017","2017","PER","Persons","3","Thousands",,,33412.1,,
"GBR","United Kingdom","YGTT07L1_ST","Labour force","A","Annual","2018","2018","PER","Persons","3","Thousands",,,33700.73,,
"GBR","United Kingdom","YGTT07L1_ST","Labour force","A","Annual","2019","2019","PER","Persons","3","Thousands",,,33964.07,,
"USA","United States","YGTT07L1_ST","Labour force","A","Annual","2005","2005","PER","Persons","3","Thousands",,,149320.3,,
"USA","United States","YGTT07L1_ST","Labour force","A","Annual","2006","2006","PER","Persons","3","Thousands",,,151427.6,,
"USA","United States","YGTT07L1_ST","Labour force","A","Annual","2007","2007","PER","Persons","3","Thousands",,,153124.2,,
"USA","United States","YGTT07L1_ST","Labour force","A","Annual","2008","2008","PER","Persons","3","Thousands",,,154286.7,,
"USA","United States","YGTT07L1_ST","Labour force","A","Annual","2009","2009","PER","Persons","3","Thousands",,,154142,,
"USA","United States","YGTT07L1_ST","Labour force","A","Annual","2010","2010","PER","Persons","3","Thousands",,,153888.6,,
"USA","United States","YGTT07L1_ST","Labour force","A","Annual","2011","2011","PER","Persons","3","Thousands",,,153616.7,,
"USA","United States","YGTT07L1_ST","Labour force","A","Annual","2012","2012","PER","Persons","3","Thousands",,,154974.6,,
"USA","United States","YGTT07L1_ST","Labour force","A","Annual","2013","2013","PER","Persons","3","Thousands",,,155389.2,,
"USA","United States","YGTT07L1_ST","Labour force","A","Annual","2014","2014","PER","Persons","3","Thousands",,,155921.8,,
"USA","United States","YGTT07L1_ST","Labour force","A","Annual","2015","2015","PER","Persons","3","Thousands",,,157129.9,,
"USA","United States","YGTT07L1_ST","Labour force","A","Annual","2016","2016","PER","Persons","3","Thousands",,,159187.2,,
"USA","United States","YGTT07L1_ST","Labour force","A","Annual","2017","2017","PER","Persons","3","Thousands",,,160319.8,,
"USA","United States","YGTT07L1_ST","Labour force","A","Annual","2018","2018","PER","Persons","3","Thousands",,,162075,,
"USA","United States","YGTT07L1_ST","Labour force","A","Annual","2019","2019","PER","Persons","3","Thousands",,,163538.7,,
"BRA","Brazil","YGTT07L1_ST","Labour force","A","Annual","2005","2005","PER","Persons","3","Thousands",,,94322.81,,
"BRA","Brazil","YGTT07L1_ST","Labour force","A","Annual","2006","2006","PER","Persons","3","Thousands",,,95643.16,,
"BRA","Brazil","YGTT07L1_ST","Labour force","A","Annual","2007","2007","PER","Persons","3","Thousands",,,96828.89,,
"BRA","Brazil","YGTT07L1_ST","Labour force","A","Annual","2008","2008","PER","Persons","3","Thousands",,,98823.86,,
"BRA","Brazil","YGTT07L1_ST","Labour force","A","Annual","2009","2009","PER","Persons","3","Thousands",,,100551.4,,
"BRA","Brazil","YGTT07L1_ST","Labour force","A","Annual","2011","2011","PER","Persons","3","Thousands",,,100218.5,,
"BRA","Brazil","YGTT07L1_ST","Labour force","A","Annual","2012","2012","PER","Persons","3","Thousands",,,95880.17,"B","Break"
"BRA","Brazil","YGTT07L1_ST","Labour force","A","Annual","2013","2013","PER","Persons","3","Thousands",,,97431.93,,
"BRA","Brazil","YGTT07L1_ST","Labour force","A","Annual","2014","2014","PER","Persons","3","Thousands",,,98472.16,,
"BRA","Brazil","YGTT07L1_ST","Labour force","A","Annual","2015","2015","PER","Persons","3","Thousands",,,100730.6,,
"BRA","Brazil","YGTT07L1_ST","Labour force","A","Annual","2016","2016","PER","Persons","3","Thousands",,,102368.3,,
"BRA","Brazil","YGTT07L1_ST","Labour force","A","Annual","2017","2017","PER","Persons","3","Thousands",,,103886.1,,
"BRA","Brazil","YGTT07L1_ST","Labour force","A","Annual","2018","2018","PER","Persons","3","Thousands",,,104755.9,,
"BRA","Brazil","YGTT07L1_ST","Labour force","A","Annual","2019","2019","PER","Persons","3","Thousands",,,106900.4,,
"CHL","Chile","YGTT07L1_ST","Labour force","A","Annual","2005","2005","PER","Persons","3","Thousands",,,6798.408,,
"CHL","Chile","YGTT07L1_ST","Labour force","A","Annual","2006","2006","PER","Persons","3","Thousands",,,6802.753,,
"CHL","Chile","YGTT07L1_ST","Labour force","A","Annual","2007","2007","PER","Persons","3","Thousands",,,6944.387,,
"CHL","Chile","YGTT07L1_ST","Labour force","A","Annual","2008","2008","PER","Persons","3","Thousands",,,7203,,
"CHL","Chile","YGTT07L1_ST","Labour force","A","Annual","2009","2009","PER","Persons","3","Thousands",,,7299.833,,
"CHL","Chile","YGTT07L1_ST","Labour force","A","Annual","2010","2010","PER","Persons","3","Thousands",,,7998.31,,
"CHL","Chile","YGTT07L1_ST","Labour force","A","Annual","2011","2011","PER","Persons","3","Thousands",,,8305.706,,
"CHL","Chile","YGTT07L1_ST","Labour force","A","Annual","2012","2012","PER","Persons","3","Thousands",,,8428.433,,
"CHL","Chile","YGTT07L1_ST","Labour force","A","Annual","2013","2013","PER","Persons","3","Thousands",,,8559.321,,
"CHL","Chile","YGTT07L1_ST","Labour force","A","Annual","2014","2014","PER","Persons","3","Thousands",,,8720.032,,
"CHL","Chile","YGTT07L1_ST","Labour force","A","Annual","2015","2015","PER","Persons","3","Thousands",,,8854.823,,
"CHL","Chile","YGTT07L1_ST","Labour force","A","Annual","2016","2016","PER","Persons","3","Thousands",,,8995.552,,
"CHL","Chile","YGTT07L1_ST","Labour force","A","Annual","2017","2017","PER","Persons","3","Thousands",,,9241.024,,
"CHL","Chile","YGTT07L1_ST","Labour force","A","Annual","2018","2018","PER","Persons","3","Thousands",,,9484.494,,
"CHL","Chile","YGTT07L1_ST","Labour force","A","Annual","2019","2019","PER","Persons","3","Thousands",,,9670.676,,
"EST","Estonia","YGTT07L1_ST","Labour force","A","Annual","2005","2005","PER","Persons","3","Thousands",,,669.3,,
"EST","Estonia","YGTT07L1_ST","Labour force","A","Annual","2006","2006","PER","Persons","3","Thousands",,,692.675,,
"EST","Estonia","YGTT07L1_ST","Labour force","A","Annual","2007","2007","PER","Persons","3","Thousands",,,689.25,,
"EST","Estonia","YGTT07L1_ST","Labour force","A","Annual","2008","2008","PER","Persons","3","Thousands",,,693.85,,
"EST","Estonia","YGTT07L1_ST","Labour force","A","Annual","2009","2009","PER","Persons","3","Thousands",,,686.95,,
"EST","Estonia","YGTT07L1_ST","Labour force","A","Annual","2010","2010","PER","Persons","3","Thousands",,,681.9,,
"EST","Estonia","YGTT07L1_ST","Labour force","A","Annual","2011","2011","PER","Persons","3","Thousands",,,688.025,,
"EST","Estonia","YGTT07L1_ST","Labour force","A","Annual","2012","2012","PER","Persons","3","Thousands",,,683.4,,
"EST","Estonia","YGTT07L1_ST","Labour force","A","Annual","2013","2013","PER","Persons","3","Thousands",,,680.025,,
"EST","Estonia","YGTT07L1_ST","Labour force","A","Annual","2014","2014","PER","Persons","3","Thousands",,,674.4,,
"EST","Estonia","YGTT07L1_ST","Labour force","A","Annual","2015","2015","PER","Persons","3","Thousands",,,683.15,,
"EST","Estonia","YGTT07L1_ST","Labour force","A","Annual","2016","2016","PER","Persons","3","Thousands",,,691.4,,
"EST","Estonia","YGTT07L1_ST","Labour force","A","Annual","2017","2017","PER","Persons","3","Thousands",,,698.825,,
"EST","Estonia","YGTT07L1_ST","Labour force","A","Annual","2018","2018","PER","Persons","3","Thousands",,,702.425,,
"EST","Estonia","YGTT07L1_ST","Labour force","A","Annual","2019","2019","PER","Persons","3","Thousands",,,702.575,,
"ISR","Israel","YGTT07L1_ST","Labour force","A","Annual","2005","2005","PER","Persons","3","Thousands",,,2740.075,,
"ISR","Israel","YGTT07L1_ST","Labour force","A","Annual","2006","2006","PER","Persons","3","Thousands",,,2809.725,,
"ISR","Israel","YGTT07L1_ST","Labour force","A","Annual","2007","2007","PER","Persons","3","Thousands",,,2893.8,,
"ISR","Israel","YGTT07L1_ST","Labour force","A","Annual","2008","2008","PER","Persons","3","Thousands",,,2957.025,,
"ISR","Israel","YGTT07L1_ST","Labour force","A","Annual","2009","2009","PER","Persons","3","Thousands",,,3072.85,,
"ISR","Israel","YGTT07L1_ST","Labour force","A","Annual","2010","2010","PER","Persons","3","Thousands",,,3147.125,,
"ISR","Israel","YGTT07L1_ST","Labour force","A","Annual","2011","2011","PER","Persons","3","Thousands",,,3204.2,"B","Break"
"ISR","Israel","YGTT07L1_ST","Labour force","A","Annual","2012","2012","PER","Persons","3","Thousands",,,3606.025,,
"ISR","Israel","YGTT07L1_ST","Labour force","A","Annual","2013","2013","PER","Persons","3","Thousands",,,3677.85,,
"ISR","Israel","YGTT07L1_ST","Labour force","A","Annual","2014","2014","PER","Persons","3","Thousands",,,3778.333,,
"ISR","Israel","YGTT07L1_ST","Labour force","A","Annual","2015","2015","PER","Persons","3","Thousands",,,3845.717,,
"ISR","Israel","YGTT07L1_ST","Labour force","A","Annual","2016","2016","PER","Persons","3","Thousands",,,3925.175,,
"ISR","Israel","YGTT07L1_ST","Labour force","A","Annual","2017","2017","PER","Persons","3","Thousands",,,3993.1,,
"ISR","Israel","YGTT07L1_ST","Labour force","A","Annual","2018","2018","PER","Persons","3","Thousands",,,4067.717,,
"ISR","Israel","YGTT07L1_ST","Labour force","A","Annual","2019","2019","PER","Persons","3","Thousands",,,4123.717,,
"SVN","Slovenia","YGTT07L1_ST","Labour force","A","Annual","2005","2005","PER","Persons","3","Thousands",,,1015.275,,
"SVN","Slovenia","YGTT07L1_ST","Labour force","A","Annual","2006","2006","PER","Persons","3","Thousands",,,1022.025,,
"SVN","Slovenia","YGTT07L1_ST","Labour force","A","Annual","2007","2007","PER","Persons","3","Thousands",,,1035.05,,
"SVN","Slovenia","YGTT07L1_ST","Labour force","A","Annual","2008","2008","PER","Persons","3","Thousands",,,1041.65,,
"SVN","Slovenia","YGTT07L1_ST","Labour force","A","Annual","2009","2009","PER","Persons","3","Thousands",,,1041.675,,
"SVN","Slovenia","YGTT07L1_ST","Labour force","A","Annual","2010","2010","PER","Persons","3","Thousands",,,1041.4,,
"SVN","Slovenia","YGTT07L1_ST","Labour force","A","Annual","2011","2011","PER","Persons","3","Thousands",,,1019.35,,
"SVN","Slovenia","YGTT07L1_ST","Labour force","A","Annual","2012","2012","PER","Persons","3","Thousands",,,1013.35,,
"SVN","Slovenia","YGTT07L1_ST","Labour force","A","Annual","2013","2013","PER","Persons","3","Thousands",,,1007.7,,
"SVN","Slovenia","YGTT07L1_ST","Labour force","A","Annual","2014","2014","PER","Persons","3","Thousands",,,1014.825,,
"SVN","Slovenia","YGTT07L1_ST","Labour force","A","Annual","2015","2015","PER","Persons","3","Thousands",,,1007.775,,
"SVN","Slovenia","YGTT07L1_ST","Labour force","A","Annual","2016","2016","PER","Persons","3","Thousands",,,994.575,,
"SVN","Slovenia","YGTT07L1_ST","Labour force","A","Annual","2017","2017","PER","Persons","3","Thousands",,,1026.475,,
"SVN","Slovenia","YGTT07L1_ST","Labour force","A","Annual","2018","2018","PER","Persons","3","Thousands",,,1033.45,,
"SVN","Slovenia","YGTT07L1_ST","Labour force","A","Annual","2019","2019","PER","Persons","3","Thousands",,,1028.3,,
"COL","Colombia","YGTT07L1_ST","Labour force","A","Annual","2007","2007","PER","Persons","3","Thousands",,,19064.65,,
"COL","Colombia","YGTT07L1_ST","Labour force","A","Annual","2008","2008","PER","Persons","3","Thousands",,,19476,,
"COL","Colombia","YGTT07L1_ST","Labour force","A","Annual","2009","2009","PER","Persons","3","Thousands",,,20687.67,,
"COL","Colombia","YGTT07L1_ST","Labour force","A","Annual","2010","2010","PER","Persons","3","Thousands",,,21517.77,,
"COL","Colombia","YGTT07L1_ST","Labour force","A","Annual","2011","2011","PER","Persons","3","Thousands",,,22125.68,,
"COL","Colombia","YGTT07L1_ST","Labour force","A","Annual","2012","2012","PER","Persons","3","Thousands",,,22772.32,,
"COL","Colombia","YGTT07L1_ST","Labour force","A","Annual","2013","2013","PER","Persons","3","Thousands",,,23016.82,,
"COL","Colombia","YGTT07L1_ST","Labour force","A","Annual","2014","2014","PER","Persons","3","Thousands",,,23390.81,,
"COL","Colombia","YGTT07L1_ST","Labour force","A","Annual","2015","2015","PER","Persons","3","Thousands",,,23937.73,,
"COL","Colombia","YGTT07L1_ST","Labour force","A","Annual","2016","2016","PER","Persons","3","Thousands",,,24200.61,,
"COL","Colombia","YGTT07L1_ST","Labour force","A","Annual","2017","2017","PER","Persons","3","Thousands",,,24488.77,,
"COL","Colombia","YGTT07L1_ST","Labour force","A","Annual","2018","2018","PER","Persons","3","Thousands",,,24706.93,,
"COL","Colombia","YGTT07L1_ST","Labour force","A","Annual","2019","2019","PER","Persons","3","Thousands",,,24768.38,,
"RUS","Russia","YGTT07L1_ST","Labour force","A","Annual","2005","2005","PER","Persons","3","Thousands",,,73431.7,,
"RUS","Russia","YGTT07L1_ST","Labour force","A","Annual","2006","2006","PER","Persons","3","Thousands",,,74166.9,,
"RUS","Russia","YGTT07L1_ST","Labour force","A","Annual","2007","2007","PER","Persons","3","Thousands",,,75158.97,,
"RUS","Russia","YGTT07L1_ST","Labour force","A","Annual","2008","2008","PER","Persons","3","Thousands",,,75756.56,,
"RUS","Russia","YGTT07L1_ST","Labour force","A","Annual","2009","2009","PER","Persons","3","Thousands",,,75708.25,,
"RUS","Russia","YGTT07L1_ST","Labour force","A","Annual","2010","2010","PER","Persons","3","Thousands",,,75439.75,,
"RUS","Russia","YGTT07L1_ST","Labour force","A","Annual","2011","2011","PER","Persons","3","Thousands",,,75779.02,,
"RUS","Russia","YGTT07L1_ST","Labour force","A","Annual","2012","2012","PER","Persons","3","Thousands",,,75676.08,,
"RUS","Russia","YGTT07L1_ST","Labour force","A","Annual","2013","2013","PER","Persons","3","Thousands",,,75528.91,,
"RUS","Russia","YGTT07L1_ST","Labour force","A","Annual","2014","2014","PER","Persons","3","Thousands",,,75428.41,,
"RUS","Russia","YGTT07L1_ST","Labour force","A","Annual","2015","2015","PER","Persons","3","Thousands",,,76587.55,,
"RUS","Russia","YGTT07L1_ST","Labour force","A","Annual","2016","2016","PER","Persons","3","Thousands",,,76636.12,,
"RUS","Russia","YGTT07L1_ST","Labour force","A","Annual","2017","2017","PER","Persons","3","Thousands",,,76168.82,,
"RUS","Russia","YGTT07L1_ST","Labour force","A","Annual","2018","2018","PER","Persons","3","Thousands",,,76077.26,,
"RUS","Russia","YGTT07L1_ST","Labour force","A","Annual","2019","2019","PER","Persons","3","Thousands",,,75287.27,,
"EU28","European Union (28 countries)","YGTT07L1_ST","Labour force","A","Annual","2005","2005","PER","Persons","3","Thousands",,,202395.7,,
"EU28","European Union (28 countries)","YGTT07L1_ST","Labour force","A","Annual","2006","2006","PER","Persons","3","Thousands",,,204431.3,,
"EU28","European Union (28 countries)","YGTT07L1_ST","Labour force","A","Annual","2007","2007","PER","Persons","3","Thousands",,,206252.9,,
"EU28","European Union (28 countries)","YGTT07L1_ST","Labour force","A","Annual","2008","2008","PER","Persons","3","Thousands",,,208163.4,,
"EU28","European Union (28 countries)","YGTT07L1_ST","Labour force","A","Annual","2009","2009","PER","Persons","3","Thousands",,,208726.8,,
"EU28","European Union (28 countries)","YGTT07L1_ST","Labour force","A","Annual","2010","2010","PER","Persons","3","Thousands",,,207269.3,,
"EU28","European Union (28 countries)","YGTT07L1_ST","Labour force","A","Annual","2011","2011","PER","Persons","3","Thousands",,,207358.9,,
"EU28","European Union (28 countries)","YGTT07L1_ST","Labour force","A","Annual","2012","2012","PER","Persons","3","Thousands",,,208810.6,,
"EU28","European Union (28 countries)","YGTT07L1_ST","Labour force","A","Annual","2013","2013","PER","Persons","3","Thousands",,,209195.3,,
"EU28","European Union (28 countries)","YGTT07L1_ST","Labour force","A","Annual","2014","2014","PER","Persons","3","Thousands",,,210519.5,,
"EU28","European Union (28 countries)","YGTT07L1_ST","Labour force","A","Annual","2015","2015","PER","Persons","3","Thousands",,,210876.3,,
"EU28","European Union (28 countries)","YGTT07L1_ST","Labour force","A","Annual","2016","2016","PER","Persons","3","Thousands",,,211933.7,,
"EU28","European Union (28 countries)","YGTT07L1_ST","Labour force","A","Annual","2017","2017","PER","Persons","3","Thousands",,,212946.4,,
"EU28","European Union (28 countries)","YGTT07L1_ST","Labour force","A","Annual","2018","2018","PER","Persons","3","Thousands",,,213501.8,,
"EU28","European Union (28 countries)","YGTT07L1_ST","Labour force","A","Annual","2019","2019","PER","Persons","3","Thousands",,,214342,,
"G-7","G7","YGTT07L1_ST","Labour force","A","Annual","2005","2005","PER","Persons","3","Thousands",,,355810.2,,
"G-7","G7","YGTT07L1_ST","Labour force","A","Annual","2006","2006","PER","Persons","3","Thousands",,,359550.6,"B","Break"
"G-7","G7","YGTT07L1_ST","Labour force","A","Annual","2007","2007","PER","Persons","3","Thousands",,,362373.1,"B","Break"
"G-7","G7","YGTT07L1_ST","Labour force","A","Annual","2008","2008","PER","Persons","3","Thousands",,,364754.4,,
"G-7","G7","YGTT07L1_ST","Labour force","A","Annual","2009","2009","PER","Persons","3","Thousands",,,364756.5,"B","Break"
"G-7","G7","YGTT07L1_ST","Labour force","A","Annual","2010","2010","PER","Persons","3","Thousands",,,363897.6,"B","Break"
"G-7","G7","YGTT07L1_ST","Labour force","A","Annual","2011","2011","PER","Persons","3","Thousands",,,364126.5,"B","Break"
"G-7","G7","YGTT07L1_ST","Labour force","A","Annual","2012","2012","PER","Persons","3","Thousands",,,366654.4,,
"G-7","G7","YGTT07L1_ST","Labour force","A","Annual","2013","2013","PER","Persons","3","Thousands",,,368342.8,"B","Break"
"G-7","G7","YGTT07L1_ST","Labour force","A","Annual","2014","2014","PER","Persons","3","Thousands",,,370679.8,,
"G-7","G7","YGTT07L1_ST","Labour force","A","Annual","2015","2015","PER","Persons","3","Thousands",,,372753.3,,
"G-7","G7","YGTT07L1_ST","Labour force","A","Annual","2016","2016","PER","Persons","3","Thousands",,,376981.3,,
"G-7","G7","YGTT07L1_ST","Labour force","A","Annual","2017","2017","PER","Persons","3","Thousands",,,379429.8,,
"G-7","G7","YGTT07L1_ST","Labour force","A","Annual","2018","2018","PER","Persons","3","Thousands",,,382987.9,,
"G-7","G7","YGTT07L1_ST","Labour force","A","Annual","2019","2019","PER","Persons","3","Thousands",,,385962.2,,
"OECD","OECD - Total","YGTT07L1_ST","Labour force","A","Annual","2007","2007","PER","Persons","3","Thousands",,,601024.7,"B","Break"
"OECD","OECD - Total","YGTT07L1_ST","Labour force","A","Annual","2008","2008","PER","Persons","3","Thousands",,,607619,"B","Break"
"OECD","OECD - Total","YGTT07L1_ST","Labour force","A","Annual","2009","2009","PER","Persons","3","Thousands",,,612034.8,"B","Break"
"OECD","OECD - Total","YGTT07L1_ST","Labour force","A","Annual","2010","2010","PER","Persons","3","Thousands",,,614950.9,"B","Break"
"OECD","OECD - Total","YGTT07L1_ST","Labour force","A","Annual","2011","2011","PER","Persons","3","Thousands",,,618973.4,"B","Break"
"OECD","OECD - Total","YGTT07L1_ST","Labour force","A","Annual","2012","2012","PER","Persons","3","Thousands",,,625862.8,,
"OECD","OECD - Total","YGTT07L1_ST","Labour force","A","Annual","2013","2013","PER","Persons","3","Thousands",,,630002.8,"B","Break"
"OECD","OECD - Total","YGTT07L1_ST","Labour force","A","Annual","2014","2014","PER","Persons","3","Thousands",,,634938.7,"B","Break"
"OECD","OECD - Total","YGTT07L1_ST","Labour force","A","Annual","2015","2015","PER","Persons","3","Thousands",,,640554.4,"B","Break"
"OECD","OECD - Total","YGTT07L1_ST","Labour force","A","Annual","2016","2016","PER","Persons","3","Thousands",,,647697,"B","Break"
"OECD","OECD - Total","YGTT07L1_ST","Labour force","A","Annual","2017","2017","PER","Persons","3","Thousands",,,653392.3,"B","Break"
"OECD","OECD - Total","YGTT07L1_ST","Labour force","A","Annual","2018","2018","PER","Persons","3","Thousands",,,660423.1,"B","Break"
"OECD","OECD - Total","YGTT07L1_ST","Labour force","A","Annual","2019","2019","PER","Persons","3","Thousands",,,666583.8,,
"EA19","Euro area (19 countries)","YGTT07L1_ST","Labour force","A","Annual","2005","2005","PER","Persons","3","Thousands",,,153342.6,,
"EA19","Euro area (19 countries)","YGTT07L1_ST","Labour force","A","Annual","2006","2006","PER","Persons","3","Thousands",,,155141.5,,
"EA19","Euro area (19 countries)","YGTT07L1_ST","Labour force","A","Annual","2007","2007","PER","Persons","3","Thousands",,,156816.3,,
"EA19","Euro area (19 countries)","YGTT07L1_ST","Labour force","A","Annual","2008","2008","PER","Persons","3","Thousands",,,158493.3,,
"EA19","Euro area (19 countries)","YGTT07L1_ST","Labour force","A","Annual","2009","2009","PER","Persons","3","Thousands",,,158830.4,,
"EA19","Euro area (19 countries)","YGTT07L1_ST","Labour force","A","Annual","2010","2010","PER","Persons","3","Thousands",,,158136.1,,
"EA19","Euro area (19 countries)","YGTT07L1_ST","Labour force","A","Annual","2011","2011","PER","Persons","3","Thousands",,,158377.5,,
"EA19","Euro area (19 countries)","YGTT07L1_ST","Labour force","A","Annual","2012","2012","PER","Persons","3","Thousands",,,159544.8,,
"EA19","Euro area (19 countries)","YGTT07L1_ST","Labour force","A","Annual","2013","2013","PER","Persons","3","Thousands",,,159816.8,,
"EA19","Euro area (19 countries)","YGTT07L1_ST","Labour force","A","Annual","2014","2014","PER","Persons","3","Thousands",,,160801.4,,
"EA19","Euro area (19 countries)","YGTT07L1_ST","Labour force","A","Annual","2015","2015","PER","Persons","3","Thousands",,,161156.9,,
"EA19","Euro area (19 countries)","YGTT07L1_ST","Labour force","A","Annual","2016","2016","PER","Persons","3","Thousands",,,162449.9,,
"EA19","Euro area (19 countries)","YGTT07L1_ST","Labour force","A","Annual","2017","2017","PER","Persons","3","Thousands",,,163037.9,,
"EA19","Euro area (19 countries)","YGTT07L1_ST","Labour force","A","Annual","2018","2018","PER","Persons","3","Thousands",,,163670.9,,
"EA19","Euro area (19 countries)","YGTT07L1_ST","Labour force","A","Annual","2019","2019","PER","Persons","3","Thousands",,,164493.7,,
"LVA","Latvia","YGTT07L1_ST","Labour force","A","Annual","2005","2005","PER","Persons","3","Thousands",,,1080.8,,
"LVA","Latvia","YGTT07L1_ST","Labour force","A","Annual","2006","2006","PER","Persons","3","Thousands",,,1108.9,,
"LVA","Latvia","YGTT07L1_ST","Labour force","A","Annual","2007","2007","PER","Persons","3","Thousands",,,1125.5,,
"LVA","Latvia","YGTT07L1_ST","Labour force","A","Annual","2008","2008","PER","Persons","3","Thousands",,,1143.4,,
"LVA","Latvia","YGTT07L1_ST","Labour force","A","Annual","2009","2009","PER","Persons","3","Thousands",,,1101.4,,
"LVA","Latvia","YGTT07L1_ST","Labour force","A","Annual","2010","2010","PER","Persons","3","Thousands",,,1056.5,,
"LVA","Latvia","YGTT07L1_ST","Labour force","A","Annual","2011","2011","PER","Persons","3","Thousands",,,1028.225,,
"LVA","Latvia","YGTT07L1_ST","Labour force","A","Annual","2012","2012","PER","Persons","3","Thousands",,,1030.725,,
"LVA","Latvia","YGTT07L1_ST","Labour force","A","Annual","2013","2013","PER","Persons","3","Thousands",,,1014.25,,
"LVA","Latvia","YGTT07L1_ST","Labour force","A","Annual","2014","2014","PER","Persons","3","Thousands",,,992.25,,
"LVA","Latvia","YGTT07L1_ST","Labour force","A","Annual","2015","2015","PER","Persons","3","Thousands",,,994.225,,
"LVA","Latvia","YGTT07L1_ST","Labour force","A","Annual","2016","2016","PER","Persons","3","Thousands",,,988.625,,
"LVA","Latvia","YGTT07L1_ST","Labour force","A","Annual","2017","2017","PER","Persons","3","Thousands",,,980.25,,
"LVA","Latvia","YGTT07L1_ST","Labour force","A","Annual","2018","2018","PER","Persons","3","Thousands",,,982.175,,
"LVA","Latvia","YGTT07L1_ST","Labour force","A","Annual","2019","2019","PER","Persons","3","Thousands",,,971.35,,
"LTU","Lithuania","YGTT07L1_ST","Labour force","A","Annual","2005","2005","PER","Persons","3","Thousands",,,1564.7,,
"LTU","Lithuania","YGTT07L1_ST","Labour force","A","Annual","2006","2006","PER","Persons","3","Thousands",,,1516.575,,
"LTU","Lithuania","YGTT07L1_ST","Labour force","A","Annual","2007","2007","PER","Persons","3","Thousands",,,1515.975,,
"LTU","Lithuania","YGTT07L1_ST","Labour force","A","Annual","2008","2008","PER","Persons","3","Thousands",,,1515.4,,
"LTU","Lithuania","YGTT07L1_ST","Labour force","A","Annual","2009","2009","PER","Persons","3","Thousands",,,1528.075,,
"LTU","Lithuania","YGTT07L1_ST","Labour force","A","Annual","2010","2010","PER","Persons","3","Thousands",,,1518.075,,
"LTU","Lithuania","YGTT07L1_ST","Labour force","A","Annual","2011","2011","PER","Persons","3","Thousands",,,1481.65,,
"LTU","Lithuania","YGTT07L1_ST","Labour force","A","Annual","2012","2012","PER","Persons","3","Thousands",,,1472.55,,
"LTU","Lithuania","YGTT07L1_ST","Labour force","A","Annual","2013","2013","PER","Persons","3","Thousands",,,1465.225,,
"LTU","Lithuania","YGTT07L1_ST","Labour force","A","Annual","2014","2014","PER","Persons","3","Thousands",,,1477.05,,
"LTU","Lithuania","YGTT07L1_ST","Labour force","A","Annual","2015","2015","PER","Persons","3","Thousands",,,1468.875,,
"LTU","Lithuania","YGTT07L1_ST","Labour force","A","Annual","2016","2016","PER","Persons","3","Thousands",,,1477.55,,
"LTU","Lithuania","YGTT07L1_ST","Labour force","A","Annual","2017","2017","PER","Persons","3","Thousands",,,1457.925,,
"LTU","Lithuania","YGTT07L1_ST","Labour force","A","Annual","2018","2018","PER","Persons","3","Thousands",,,1464.75,,
"LTU","Lithuania","YGTT07L1_ST","Labour force","A","Annual","2019","2019","PER","Persons","3","Thousands",,,1470.375,,
"CRI","Costa Rica","YGTT07L1_ST","Labour force","A","Annual","2011","2011","PER","Persons","3","Thousands",,,2040.84,,
"CRI","Costa Rica","YGTT07L1_ST","Labour force","A","Annual","2012","2012","PER","Persons","3","Thousands",,,2214.075,,
"CRI","Costa Rica","YGTT07L1_ST","Labour force","A","Annual","2013","2013","PER","Persons","3","Thousands",,,2235.77,,
"CRI","Costa Rica","YGTT07L1_ST","Labour force","A","Annual","2014","2014","PER","Persons","3","Thousands",,,2284.142,,
"CRI","Costa Rica","YGTT07L1_ST","Labour force","A","Annual","2015","2015","PER","Persons","3","Thousands",,,2276.104,,
"CRI","Costa Rica","YGTT07L1_ST","Labour force","A","Annual","2016","2016","PER","Persons","3","Thousands",,,2206.179,,
"CRI","Costa Rica","YGTT07L1_ST","Labour force","A","Annual","2017","2017","PER","Persons","3","Thousands",,,2255.847,,
"CRI","Costa Rica","YGTT07L1_ST","Labour force","A","Annual","2018","2018","PER","Persons","3","Thousands",,,2359.644,,
"CRI","Costa Rica","YGTT07L1_ST","Labour force","A","Annual","2019","2019","PER","Persons","3","Thousands",,,2464.956,,
