"COUNTRY","Country","SERIES","Series","TIME","Time","Unit Code","Unit","PowerCode Code","PowerCode","Reference Period Code","Reference Period","Value","Flag Codes","Flags"
"AUS","Australia","MEAN","Mean","2000","2000","RATIO","Ratio","0","Units",,,0.499,,
"AUS","Australia","MEAN","Mean","2001","2001","RATIO","Ratio","0","Units",,,0.495,,
"AUS","Australia","MEAN","Mean","2002","2002","RATIO","Ratio","0","Units",,,0.5,,
"AUS","Australia","MEAN","Mean","2003","2003","RATIO","Ratio","0","Units",,,0.498,,
"AUS","Australia","MEAN","Mean","2004","2004","RATIO","Ratio","0","Units",,,0.502,,
"AUS","Australia","MEAN","Mean","2005","2005","RATIO","Ratio","0","Units",,,0.494,,
"AUS","Australia","MEAN","Mean","2006","2006","RATIO","Ratio","0","Units",,,0.463,,
"AUS","Australia","MEAN","Mean","2007","2007","RATIO","Ratio","0","Units",,,0.454,,
"AUS","Australia","MEAN","Mean","2008","2008","RATIO","Ratio","0","Units",,,0.45,,
"AUS","Australia","MEAN","Mean","2009","2009","RATIO","Ratio","0","Units",,,0.446,,
"AUS","Australia","MEAN","Mean","2010","2010","RATIO","Ratio","0","Units",,,0.451,,
"AUS","Australia","MEAN","Mean","2011","2011","RATIO","Ratio","0","Units",,,0.451,,
"AUS","Australia","MEAN","Mean","2012","2012","RATIO","Ratio","0","Units",,,0.44,,
"AUS","Australia","MEAN","Mean","2013","2013","RATIO","Ratio","0","Units",,,0.437,,
"AUS","Australia","MEAN","Mean","2014","2014","RATIO","Ratio","0","Units",,,0.436,,
"AUS","Australia","MEAN","Mean","2015","2015","RATIO","Ratio","0","Units",,,0.444,,
"AUS","Australia","MEAN","Mean","2016","2016","RATIO","Ratio","0","Units",,,0.473,,
"AUS","Australia","MEAN","Mean","2017","2017","RATIO","Ratio","0","Units",,,0.474,,
"AUS","Australia","MEAN","Mean","2018","2018","RATIO","Ratio","0","Units",,,0.472,,
"AUS","Australia","MEAN","Mean","2019","2019","RATIO","Ratio","0","Units",,,0.474,,
"BEL","Belgium","MEAN","Mean","2000","2000","RATIO","Ratio","0","Units",,,0.428,,
"BEL","Belgium","MEAN","Mean","2001","2001","RATIO","Ratio","0","Units",,,0.421,,
"BEL","Belgium","MEAN","Mean","2002","2002","RATIO","Ratio","0","Units",,,0.425,,
"BEL","Belgium","MEAN","Mean","2003","2003","RATIO","Ratio","0","Units",,,0.421,,
"BEL","Belgium","MEAN","Mean","2004","2004","RATIO","Ratio","0","Units",,,0.411,,
"BEL","Belgium","MEAN","Mean","2005","2005","RATIO","Ratio","0","Units",,,0.411,,
"BEL","Belgium","MEAN","Mean","2006","2006","RATIO","Ratio","0","Units",,,0.404,,
"BEL","Belgium","MEAN","Mean","2007","2007","RATIO","Ratio","0","Units",,,0.405,,
"BEL","Belgium","MEAN","Mean","2008","2008","RATIO","Ratio","0","Units",,,0.409,,
"BEL","Belgium","MEAN","Mean","2009","2009","RATIO","Ratio","0","Units",,,0.414,,
"BEL","Belgium","MEAN","Mean","2010","2010","RATIO","Ratio","0","Units",,,0.405,,
"BEL","Belgium","MEAN","Mean","2011","2011","RATIO","Ratio","0","Units",,,0.406,,
"BEL","Belgium","MEAN","Mean","2012","2012","RATIO","Ratio","0","Units",,,0.406,,
"BEL","Belgium","MEAN","Mean","2013","2013","RATIO","Ratio","0","Units",,,0.412,,
"BEL","Belgium","MEAN","Mean","2014","2014","RATIO","Ratio","0","Units",,,0.399,,
"BEL","Belgium","MEAN","Mean","2015","2015","RATIO","Ratio","0","Units",,,0.395,,
"BEL","Belgium","MEAN","Mean","2016","2016","RATIO","Ratio","0","Units",,,0.394,,
"BEL","Belgium","MEAN","Mean","2017","2017","RATIO","Ratio","0","Units",,,0.402,,
"BEL","Belgium","MEAN","Mean","2018","2018","RATIO","Ratio","0","Units",,,0.398,,
"BEL","Belgium","MEAN","Mean","2019","2019","RATIO","Ratio","0","Units",,,0.397,,
"CAN","Canada","MEAN","Mean","2000","2000","RATIO","Ratio","0","Units",,,0.376,,
"CAN","Canada","MEAN","Mean","2001","2001","RATIO","Ratio","0","Units",,,0.369,,
"CAN","Canada","MEAN","Mean","2002","2002","RATIO","Ratio","0","Units",,,0.363,,
"CAN","Canada","MEAN","Mean","2003","2003","RATIO","Ratio","0","Units",,,0.36,,
"CAN","Canada","MEAN","Mean","2004","2004","RATIO","Ratio","0","Units",,,0.358,,
"CAN","Canada","MEAN","Mean","2005","2005","RATIO","Ratio","0","Units",,,0.359,,
"CAN","Canada","MEAN","Mean","2006","2006","RATIO","Ratio","0","Units",,,0.362,,
"CAN","Canada","MEAN","Mean","2007","2007","RATIO","Ratio","0","Units",,,0.36,,
"CAN","Canada","MEAN","Mean","2008","2008","RATIO","Ratio","0","Units",,,0.368,,
"CAN","Canada","MEAN","Mean","2009","2009","RATIO","Ratio","0","Units",,,0.377,,
"CAN","Canada","MEAN","Mean","2010","2010","RATIO","Ratio","0","Units",,,0.39,,
"CAN","Canada","MEAN","Mean","2011","2011","RATIO","Ratio","0","Units",,,0.395,,
"CAN","Canada","MEAN","Mean","2012","2012","RATIO","Ratio","0","Units",,,0.397,,
"CAN","Canada","MEAN","Mean","2013","2013","RATIO","Ratio","0","Units",,,0.394,,
"CAN","Canada","MEAN","Mean","2014","2014","RATIO","Ratio","0","Units",,,0.397,,
"CAN","Canada","MEAN","Mean","2015","2015","RATIO","Ratio","0","Units",,,0.397,,
"CAN","Canada","MEAN","Mean","2016","2016","RATIO","Ratio","0","Units",,,0.4,,
"CAN","Canada","MEAN","Mean","2017","2017","RATIO","Ratio","0","Units",,,0.407,,
"CAN","Canada","MEAN","Mean","2018","2018","RATIO","Ratio","0","Units",,,0.45,,
"CAN","Canada","MEAN","Mean","2019","2019","RATIO","Ratio","0","Units",,,0.45,,
"CZE","Czech Republic","MEAN","Mean","2000","2000","RATIO","Ratio","0","Units",,,0.279,,
"CZE","Czech Republic","MEAN","Mean","2001","2001","RATIO","Ratio","0","Units",,,0.305,,
"CZE","Czech Republic","MEAN","Mean","2002","2002","RATIO","Ratio","0","Units",,,0.337,,
"CZE","Czech Republic","MEAN","Mean","2003","2003","RATIO","Ratio","0","Units",,,0.341,,
"CZE","Czech Republic","MEAN","Mean","2004","2004","RATIO","Ratio","0","Units",,,0.35,,
"CZE","Czech Republic","MEAN","Mean","2005","2005","RATIO","Ratio","0","Units",,,0.356,,
"CZE","Czech Republic","MEAN","Mean","2006","2006","RATIO","Ratio","0","Units",,,0.364,,
"CZE","Czech Republic","MEAN","Mean","2007","2007","RATIO","Ratio","0","Units",,,0.349,,
"CZE","Czech Republic","MEAN","Mean","2008","2008","RATIO","Ratio","0","Units",,,0.326,,
"CZE","Czech Republic","MEAN","Mean","2009","2009","RATIO","Ratio","0","Units",,,0.322,,
"CZE","Czech Republic","MEAN","Mean","2010","2010","RATIO","Ratio","0","Units",,,0.319,,
"CZE","Czech Republic","MEAN","Mean","2011","2011","RATIO","Ratio","0","Units",,,0.313,,
"CZE","Czech Republic","MEAN","Mean","2012","2012","RATIO","Ratio","0","Units",,,0.307,,
"CZE","Czech Republic","MEAN","Mean","2013","2013","RATIO","Ratio","0","Units",,,0.313,,
"CZE","Czech Republic","MEAN","Mean","2014","2014","RATIO","Ratio","0","Units",,,0.317,,
"CZE","Czech Republic","MEAN","Mean","2015","2015","RATIO","Ratio","0","Units",,,0.33,,
"CZE","Czech Republic","MEAN","Mean","2016","2016","RATIO","Ratio","0","Units",,,0.34,,
"CZE","Czech Republic","MEAN","Mean","2017","2017","RATIO","Ratio","0","Units",,,0.353,,
"CZE","Czech Republic","MEAN","Mean","2018","2018","RATIO","Ratio","0","Units",,,0.362,,
"CZE","Czech Republic","MEAN","Mean","2019","2019","RATIO","Ratio","0","Units",,,0.371,,
"FRA","France","MEAN","Mean","2000","2000","RATIO","Ratio","0","Units",,,0.501,,
"FRA","France","MEAN","Mean","2001","2001","RATIO","Ratio","0","Units",,,0.508,,
"FRA","France","MEAN","Mean","2002","2002","RATIO","Ratio","0","Units",,,0.51,,
"FRA","France","MEAN","Mean","2003","2003","RATIO","Ratio","0","Units",,,0.516,,
"FRA","France","MEAN","Mean","2004","2004","RATIO","Ratio","0","Units",,,0.53,,
"FRA","France","MEAN","Mean","2005","2005","RATIO","Ratio","0","Units",,,0.541,,
"FRA","France","MEAN","Mean","2006","2006","RATIO","Ratio","0","Units",,,0.51,,
"FRA","France","MEAN","Mean","2007","2007","RATIO","Ratio","0","Units",,,0.507,,
"FRA","France","MEAN","Mean","2008","2008","RATIO","Ratio","0","Units",,,0.506,,
"FRA","France","MEAN","Mean","2009","2009","RATIO","Ratio","0","Units",,,0.508,,
"FRA","France","MEAN","Mean","2010","2010","RATIO","Ratio","0","Units",,,0.502,,
"FRA","France","MEAN","Mean","2011","2011","RATIO","Ratio","0","Units",,,0.5,,
"FRA","France","MEAN","Mean","2012","2012","RATIO","Ratio","0","Units",,,0.508,,
"FRA","France","MEAN","Mean","2013","2013","RATIO","Ratio","0","Units",,,0.506,,
"FRA","France","MEAN","Mean","2014","2014","RATIO","Ratio","0","Units",,,0.505,,
"FRA","France","MEAN","Mean","2015","2015","RATIO","Ratio","0","Units",,,0.503,,
"FRA","France","MEAN","Mean","2016","2016","RATIO","Ratio","0","Units",,,0.5,,
"FRA","France","MEAN","Mean","2017","2017","RATIO","Ratio","0","Units",,,0.498,,
"FRA","France","MEAN","Mean","2018","2018","RATIO","Ratio","0","Units",,,0.497,,
"FRA","France","MEAN","Mean","2019","2019","RATIO","Ratio","0","Units",,,0.496,,
"GRC","Greece","MEAN","Mean","2000","2000","RATIO","Ratio","0","Units",,,0.368,,
"GRC","Greece","MEAN","Mean","2001","2001","RATIO","Ratio","0","Units",,,0.357,,
"GRC","Greece","MEAN","Mean","2002","2002","RATIO","Ratio","0","Units",,,0.357,,
"GRC","Greece","MEAN","Mean","2003","2003","RATIO","Ratio","0","Units",,,0.319,,
"GRC","Greece","MEAN","Mean","2004","2004","RATIO","Ratio","0","Units",,,0.319,,
"GRC","Greece","MEAN","Mean","2005","2005","RATIO","Ratio","0","Units",,,0.332,,
"GRC","Greece","MEAN","Mean","2006","2006","RATIO","Ratio","0","Units",,,0.309,,
"GRC","Greece","MEAN","Mean","2007","2007","RATIO","Ratio","0","Units",,,0.315,,
"GRC","Greece","MEAN","Mean","2008","2008","RATIO","Ratio","0","Units",,,0.327,,
"GRC","Greece","MEAN","Mean","2009","2009","RATIO","Ratio","0","Units",,,0.328,,
"GRC","Greece","MEAN","Mean","2010","2010","RATIO","Ratio","0","Units",,,0.384,,
"GRC","Greece","MEAN","Mean","2011","2011","RATIO","Ratio","0","Units",,,0.357,,
"GRC","Greece","MEAN","Mean","2012","2012","RATIO","Ratio","0","Units",,,0.299,,
"GRC","Greece","MEAN","Mean","2013","2013","RATIO","Ratio","0","Units",,,0.313,,
"GRC","Greece","MEAN","Mean","2014","2014","RATIO","Ratio","0","Units",,,0.319,,
"GRC","Greece","MEAN","Mean","2015","2015","RATIO","Ratio","0","Units",,,0.327,,
"GRC","Greece","MEAN","Mean","2016","2016","RATIO","Ratio","0","Units",,,0.33,,
"GRC","Greece","MEAN","Mean","2017","2017","RATIO","Ratio","0","Units",,,0.328,,
"GRC","Greece","MEAN","Mean","2018","2018","RATIO","Ratio","0","Units",,,0.324,,
"GRC","Greece","MEAN","Mean","2019","2019","RATIO","Ratio","0","Units",,,0.353,,
"HUN","Hungary","MEAN","Mean","2000","2000","RATIO","Ratio","0","Units",,,0.278,,
"HUN","Hungary","MEAN","Mean","2001","2001","RATIO","Ratio","0","Units",,,0.382,,
"HUN","Hungary","MEAN","Mean","2002","2002","RATIO","Ratio","0","Units",,,0.427,,
"HUN","Hungary","MEAN","Mean","2003","2003","RATIO","Ratio","0","Units",,,0.359,,
"HUN","Hungary","MEAN","Mean","2004","2004","RATIO","Ratio","0","Units",,,0.355,,
"HUN","Hungary","MEAN","Mean","2005","2005","RATIO","Ratio","0","Units",,,0.351,,
"HUN","Hungary","MEAN","Mean","2006","2006","RATIO","Ratio","0","Units",,,0.356,,
"HUN","Hungary","MEAN","Mean","2007","2007","RATIO","Ratio","0","Units",,,0.343,,
"HUN","Hungary","MEAN","Mean","2008","2008","RATIO","Ratio","0","Units",,,0.341,,
"HUN","Hungary","MEAN","Mean","2009","2009","RATIO","Ratio","0","Units",,,0.342,,
"HUN","Hungary","MEAN","Mean","2010","2010","RATIO","Ratio","0","Units",,,0.347,,
"HUN","Hungary","MEAN","Mean","2011","2011","RATIO","Ratio","0","Units",,,0.362,,
"HUN","Hungary","MEAN","Mean","2012","2012","RATIO","Ratio","0","Units",,,0.396,,
"HUN","Hungary","MEAN","Mean","2013","2013","RATIO","Ratio","0","Units",,,0.401,,
"HUN","Hungary","MEAN","Mean","2014","2014","RATIO","Ratio","0","Units",,,0.402,,
"HUN","Hungary","MEAN","Mean","2015","2015","RATIO","Ratio","0","Units",,,0.396,,
"HUN","Hungary","MEAN","Mean","2016","2016","RATIO","Ratio","0","Units",,,0.39,,
"HUN","Hungary","MEAN","Mean","2017","2017","RATIO","Ratio","0","Units",,,0.402,,
"HUN","Hungary","MEAN","Mean","2018","2018","RATIO","Ratio","0","Units",,,0.394,,
"HUN","Hungary","MEAN","Mean","2019","2019","RATIO","Ratio","0","Units",,,0.382,,
"IRL","Ireland","MEAN","Mean","2002","2002","RATIO","Ratio","0","Units",,,0.295,,
"IRL","Ireland","MEAN","Mean","2003","2003","RATIO","Ratio","0","Units",,,0.295,,
"IRL","Ireland","MEAN","Mean","2004","2004","RATIO","Ratio","0","Units",,,0.304,,
"IRL","Ireland","MEAN","Mean","2005","2005","RATIO","Ratio","0","Units",,,0.315,,
"IRL","Ireland","MEAN","Mean","2006","2006","RATIO","Ratio","0","Units",,,0.352,,
"IRL","Ireland","MEAN","Mean","2007","2007","RATIO","Ratio","0","Units",,,0.356,,
"IRL","Ireland","MEAN","Mean","2008","2008","RATIO","Ratio","0","Units",,,0.354,,
"IRL","Ireland","MEAN","Mean","2009","2009","RATIO","Ratio","0","Units",,,0.31,,
"IRL","Ireland","MEAN","Mean","2010","2010","RATIO","Ratio","0","Units",,,0.37,,
"IRL","Ireland","MEAN","Mean","2011","2011","RATIO","Ratio","0","Units",,,0.367,,
"IRL","Ireland","MEAN","Mean","2012","2012","RATIO","Ratio","0","Units",,,0.375,,
"IRL","Ireland","MEAN","Mean","2013","2013","RATIO","Ratio","0","Units",,,0.365,,
"IRL","Ireland","MEAN","Mean","2014","2014","RATIO","Ratio","0","Units",,,0.338,,
"IRL","Ireland","MEAN","Mean","2015","2015","RATIO","Ratio","0","Units",,,0.334,,
"IRL","Ireland","MEAN","Mean","2016","2016","RATIO","Ratio","0","Units",,,0.349,,
"IRL","Ireland","MEAN","Mean","2017","2017","RATIO","Ratio","0","Units",,,0.353,,
"IRL","Ireland","MEAN","Mean","2018","2018","RATIO","Ratio","0","Units",,,0.355,,
"IRL","Ireland","MEAN","Mean","2019","2019","RATIO","Ratio","0","Units",,,0.352,,
"JPN","Japan","MEAN","Mean","2000","2000","RATIO","Ratio","0","Units",,,0.283,,
"JPN","Japan","MEAN","Mean","2001","2001","RATIO","Ratio","0","Units",,,0.283,,
"JPN","Japan","MEAN","Mean","2002","2002","RATIO","Ratio","0","Units",,,0.286,,
"JPN","Japan","MEAN","Mean","2003","2003","RATIO","Ratio","0","Units",,,0.291,,
"JPN","Japan","MEAN","Mean","2004","2004","RATIO","Ratio","0","Units",,,0.295,,
"JPN","Japan","MEAN","Mean","2005","2005","RATIO","Ratio","0","Units",,,0.293,,
"JPN","Japan","MEAN","Mean","2006","2006","RATIO","Ratio","0","Units",,,0.296,,
"JPN","Japan","MEAN","Mean","2007","2007","RATIO","Ratio","0","Units",,,0.297,,
"JPN","Japan","MEAN","Mean","2008","2008","RATIO","Ratio","0","Units",,,0.303,,
"JPN","Japan","MEAN","Mean","2009","2009","RATIO","Ratio","0","Units",,,0.315,,
"JPN","Japan","MEAN","Mean","2010","2010","RATIO","Ratio","0","Units",,,0.326,,
"JPN","Japan","MEAN","Mean","2011","2011","RATIO","Ratio","0","Units",,,0.333,,
"JPN","Japan","MEAN","Mean","2012","2012","RATIO","Ratio","0","Units",,,0.333,,
"JPN","Japan","MEAN","Mean","2013","2013","RATIO","Ratio","0","Units",,,0.339,,
"JPN","Japan","MEAN","Mean","2014","2014","RATIO","Ratio","0","Units",,,0.341,,
"JPN","Japan","MEAN","Mean","2015","2015","RATIO","Ratio","0","Units",,,0.343,,
"JPN","Japan","MEAN","Mean","2016","2016","RATIO","Ratio","0","Units",,,0.351,,
"JPN","Japan","MEAN","Mean","2017","2017","RATIO","Ratio","0","Units",,,0.362,,
"JPN","Japan","MEAN","Mean","2018","2018","RATIO","Ratio","0","Units",,,0.37,,
"JPN","Japan","MEAN","Mean","2019","2019","RATIO","Ratio","0","Units",,,0.379,,
"KOR","Korea","MEAN","Mean","2000","2000","RATIO","Ratio","0","Units",,,0.238,,
"KOR","Korea","MEAN","Mean","2001","2001","RATIO","Ratio","0","Units",,,0.26,,
"KOR","Korea","MEAN","Mean","2002","2002","RATIO","Ratio","0","Units",,,0.273,,
"KOR","Korea","MEAN","Mean","2003","2003","RATIO","Ratio","0","Units",,,0.273,,
"KOR","Korea","MEAN","Mean","2004","2004","RATIO","Ratio","0","Units",,,0.282,,
"KOR","Korea","MEAN","Mean","2005","2005","RATIO","Ratio","0","Units",,,0.297,,
"KOR","Korea","MEAN","Mean","2006","2006","RATIO","Ratio","0","Units",,,0.306,,
"KOR","Korea","MEAN","Mean","2007","2007","RATIO","Ratio","0","Units",,,0.333,,
"KOR","Korea","MEAN","Mean","2008","2008","RATIO","Ratio","0","Units",,,0.341,,
"KOR","Korea","MEAN","Mean","2009","2009","RATIO","Ratio","0","Units",,,0.359,,
"KOR","Korea","MEAN","Mean","2010","2010","RATIO","Ratio","0","Units",,,0.358,,
"KOR","Korea","MEAN","Mean","2011","2011","RATIO","Ratio","0","Units",,,0.358,,
"KOR","Korea","MEAN","Mean","2012","2012","RATIO","Ratio","0","Units",,,0.341,,
"KOR","Korea","MEAN","Mean","2013","2013","RATIO","Ratio","0","Units",,,0.35,,
"KOR","Korea","MEAN","Mean","2014","2014","RATIO","Ratio","0","Units",,,0.357,,
"KOR","Korea","MEAN","Mean","2015","2015","RATIO","Ratio","0","Units",,,0.378,,
"KOR","Korea","MEAN","Mean","2016","2016","RATIO","Ratio","0","Units",,,0.397,,
"KOR","Korea","MEAN","Mean","2017","2017","RATIO","Ratio","0","Units",,,0.414,,
"KOR","Korea","MEAN","Mean","2018","2018","RATIO","Ratio","0","Units",,,0.46,,
"KOR","Korea","MEAN","Mean","2019","2019","RATIO","Ratio","0","Units",,,0.494,,
"LUX","Luxembourg","MEAN","Mean","2000","2000","RATIO","Ratio","0","Units",,,0.445,,
"LUX","Luxembourg","MEAN","Mean","2001","2001","RATIO","Ratio","0","Units",,,0.456,,
"LUX","Luxembourg","MEAN","Mean","2002","2002","RATIO","Ratio","0","Units",,,0.447,,
"LUX","Luxembourg","MEAN","Mean","2003","2003","RATIO","Ratio","0","Units",,,0.456,,
"LUX","Luxembourg","MEAN","Mean","2004","2004","RATIO","Ratio","0","Units",,,0.448,,
"LUX","Luxembourg","MEAN","Mean","2005","2005","RATIO","Ratio","0","Units",,,0.451,,
"LUX","Luxembourg","MEAN","Mean","2006","2006","RATIO","Ratio","0","Units",,,0.453,,
"LUX","Luxembourg","MEAN","Mean","2007","2007","RATIO","Ratio","0","Units",,,0.456,,
"LUX","Luxembourg","MEAN","Mean","2008","2008","RATIO","Ratio","0","Units",,,0.449,,
"LUX","Luxembourg","MEAN","Mean","2009","2009","RATIO","Ratio","0","Units",,,0.457,,
"LUX","Luxembourg","MEAN","Mean","2010","2010","RATIO","Ratio","0","Units",,,0.459,,
"LUX","Luxembourg","MEAN","Mean","2011","2011","RATIO","Ratio","0","Units",,,0.463,,
"LUX","Luxembourg","MEAN","Mean","2012","2012","RATIO","Ratio","0","Units",,,0.46,,
"LUX","Luxembourg","MEAN","Mean","2013","2013","RATIO","Ratio","0","Units",,,0.454,,
"LUX","Luxembourg","MEAN","Mean","2014","2014","RATIO","Ratio","0","Units",,,0.449,,
"LUX","Luxembourg","MEAN","Mean","2015","2015","RATIO","Ratio","0","Units",,,0.445,,
"LUX","Luxembourg","MEAN","Mean","2016","2016","RATIO","Ratio","0","Units",,,0.442,,
"LUX","Luxembourg","MEAN","Mean","2017","2017","RATIO","Ratio","0","Units",,,0.445,,
"LUX","Luxembourg","MEAN","Mean","2018","2018","RATIO","Ratio","0","Units",,,0.437,,
"LUX","Luxembourg","MEAN","Mean","2019","2019","RATIO","Ratio","0","Units",,,0.443,,
"MEX","Mexico","MEAN","Mean","2000","2000","RATIO","Ratio","0","Units",,,0.331,,
"MEX","Mexico","MEAN","Mean","2001","2001","RATIO","Ratio","0","Units",,,0.314,,
"MEX","Mexico","MEAN","Mean","2002","2002","RATIO","Ratio","0","Units",,,0.308,,
"MEX","Mexico","MEAN","Mean","2003","2003","RATIO","Ratio","0","Units",,,0.302,,
"MEX","Mexico","MEAN","Mean","2004","2004","RATIO","Ratio","0","Units",,,0.299,,
"MEX","Mexico","MEAN","Mean","2005","2005","RATIO","Ratio","0","Units",,,0.299,,
"MEX","Mexico","MEAN","Mean","2006","2006","RATIO","Ratio","0","Units",,,0.29,,
"MEX","Mexico","MEAN","Mean","2007","2007","RATIO","Ratio","0","Units",,,0.282,,
"MEX","Mexico","MEAN","Mean","2008","2008","RATIO","Ratio","0","Units",,,0.286,,
"MEX","Mexico","MEAN","Mean","2009","2009","RATIO","Ratio","0","Units",,,0.283,,
"MEX","Mexico","MEAN","Mean","2010","2010","RATIO","Ratio","0","Units",,,0.265,,
"MEX","Mexico","MEAN","Mean","2011","2011","RATIO","Ratio","0","Units",,,0.27,,
"MEX","Mexico","MEAN","Mean","2012","2012","RATIO","Ratio","0","Units",,,0.273,,
"MEX","Mexico","MEAN","Mean","2013","2013","RATIO","Ratio","0","Units",,,0.274,,
"MEX","Mexico","MEAN","Mean","2014","2014","RATIO","Ratio","0","Units",,,0.286,,
"MEX","Mexico","MEAN","Mean","2015","2015","RATIO","Ratio","0","Units",,,0.289,,
"MEX","Mexico","MEAN","Mean","2016","2016","RATIO","Ratio","0","Units",,,0.303,,
"MEX","Mexico","MEAN","Mean","2017","2017","RATIO","Ratio","0","Units",,,0.319,,
"MEX","Mexico","MEAN","Mean","2018","2018","RATIO","Ratio","0","Units",,,0.337,,
"MEX","Mexico","MEAN","Mean","2019","2019","RATIO","Ratio","0","Units",,,0.371,,
"NLD","Netherlands","MEAN","Mean","2000","2000","RATIO","Ratio","0","Units",,,0.468,,
"NLD","Netherlands","MEAN","Mean","2001","2001","RATIO","Ratio","0","Units",,,0.473,,
"NLD","Netherlands","MEAN","Mean","2002","2002","RATIO","Ratio","0","Units",,,0.426,,
"NLD","Netherlands","MEAN","Mean","2003","2003","RATIO","Ratio","0","Units",,,0.427,,
"NLD","Netherlands","MEAN","Mean","2004","2004","RATIO","Ratio","0","Units",,,0.418,,
"NLD","Netherlands","MEAN","Mean","2005","2005","RATIO","Ratio","0","Units",,,0.411,,
"NLD","Netherlands","MEAN","Mean","2006","2006","RATIO","Ratio","0","Units",,,0.424,,
"NLD","Netherlands","MEAN","Mean","2007","2007","RATIO","Ratio","0","Units",,,0.429,,
"NLD","Netherlands","MEAN","Mean","2008","2008","RATIO","Ratio","0","Units",,,0.429,,
"NLD","Netherlands","MEAN","Mean","2009","2009","RATIO","Ratio","0","Units",,,0.431,,
"NLD","Netherlands","MEAN","Mean","2010","2010","RATIO","Ratio","0","Units",,,0.406,,
"NLD","Netherlands","MEAN","Mean","2011","2011","RATIO","Ratio","0","Units",,,0.403,,
"NLD","Netherlands","MEAN","Mean","2012","2012","RATIO","Ratio","0","Units",,,0.403,,
"NLD","Netherlands","MEAN","Mean","2013","2013","RATIO","Ratio","0","Units",,,0.4,,
"NLD","Netherlands","MEAN","Mean","2014","2014","RATIO","Ratio","0","Units",,,0.388,,
"NLD","Netherlands","MEAN","Mean","2015","2015","RATIO","Ratio","0","Units",,,0.385,,
"NLD","Netherlands","MEAN","Mean","2016","2016","RATIO","Ratio","0","Units",,,0.389,,
"NLD","Netherlands","MEAN","Mean","2017","2017","RATIO","Ratio","0","Units",,,0.391,,
"NLD","Netherlands","MEAN","Mean","2018","2018","RATIO","Ratio","0","Units",,,0.393,,
"NLD","Netherlands","MEAN","Mean","2019","2019","RATIO","Ratio","0","Units",,,0.394,,
"NZL","New Zealand","MEAN","Mean","2000","2000","RATIO","Ratio","0","Units",,,0.451,,
"NZL","New Zealand","MEAN","Mean","2001","2001","RATIO","Ratio","0","Units",,,0.449,,
"NZL","New Zealand","MEAN","Mean","2002","2002","RATIO","Ratio","0","Units",,,0.456,,
"NZL","New Zealand","MEAN","Mean","2003","2003","RATIO","Ratio","0","Units",,,0.46,,
"NZL","New Zealand","MEAN","Mean","2004","2004","RATIO","Ratio","0","Units",,,0.467,,
"NZL","New Zealand","MEAN","Mean","2005","2005","RATIO","Ratio","0","Units",,,0.472,,
"NZL","New Zealand","MEAN","Mean","2006","2006","RATIO","Ratio","0","Units",,,0.491,,
"NZL","New Zealand","MEAN","Mean","2007","2007","RATIO","Ratio","0","Units",,,0.493,,
"NZL","New Zealand","MEAN","Mean","2008","2008","RATIO","Ratio","0","Units",,,0.505,,
"NZL","New Zealand","MEAN","Mean","2009","2009","RATIO","Ratio","0","Units",,,0.514,,
"NZL","New Zealand","MEAN","Mean","2010","2010","RATIO","Ratio","0","Units",,,0.506,,
"NZL","New Zealand","MEAN","Mean","2011","2011","RATIO","Ratio","0","Units",,,0.503,,
"NZL","New Zealand","MEAN","Mean","2012","2012","RATIO","Ratio","0","Units",,,0.51,,
"NZL","New Zealand","MEAN","Mean","2013","2013","RATIO","Ratio","0","Units",,,0.505,,
"NZL","New Zealand","MEAN","Mean","2014","2014","RATIO","Ratio","0","Units",,,0.508,,
"NZL","New Zealand","MEAN","Mean","2015","2015","RATIO","Ratio","0","Units",,,0.51,,
"NZL","New Zealand","MEAN","Mean","2016","2016","RATIO","Ratio","0","Units",,,0.513,,
"NZL","New Zealand","MEAN","Mean","2017","2017","RATIO","Ratio","0","Units",,,0.518,,
"NZL","New Zealand","MEAN","Mean","2018","2018","RATIO","Ratio","0","Units",,,0.523,,
"NZL","New Zealand","MEAN","Mean","2019","2019","RATIO","Ratio","0","Units",,,0.562,,
"POL","Poland","MEAN","Mean","2000","2000","RATIO","Ratio","0","Units",,,0.326,,
"POL","Poland","MEAN","Mean","2001","2001","RATIO","Ratio","0","Units",,,0.342,,
"POL","Poland","MEAN","Mean","2002","2002","RATIO","Ratio","0","Units",,,0.34,,
"POL","Poland","MEAN","Mean","2003","2003","RATIO","Ratio","0","Units",,,0.349,,
"POL","Poland","MEAN","Mean","2004","2004","RATIO","Ratio","0","Units",,,0.347,,
"POL","Poland","MEAN","Mean","2005","2005","RATIO","Ratio","0","Units",,,0.338,,
"POL","Poland","MEAN","Mean","2006","2006","RATIO","Ratio","0","Units",,,0.338,,
"POL","Poland","MEAN","Mean","2007","2007","RATIO","Ratio","0","Units",,,0.32,,
"POL","Poland","MEAN","Mean","2008","2008","RATIO","Ratio","0","Units",,,0.348,,
"POL","Poland","MEAN","Mean","2009","2009","RATIO","Ratio","0","Units",,,0.374,,
"POL","Poland","MEAN","Mean","2010","2010","RATIO","Ratio","0","Units",,,0.371,,
"POL","Poland","MEAN","Mean","2011","2011","RATIO","Ratio","0","Units",,,0.371,,
"POL","Poland","MEAN","Mean","2012","2012","RATIO","Ratio","0","Units",,,0.385,,
"POL","Poland","MEAN","Mean","2013","2013","RATIO","Ratio","0","Units",,,0.396,,
"POL","Poland","MEAN","Mean","2014","2014","RATIO","Ratio","0","Units",,,0.408,,
"POL","Poland","MEAN","Mean","2015","2015","RATIO","Ratio","0","Units",,,0.41,,
"POL","Poland","MEAN","Mean","2016","2016","RATIO","Ratio","0","Units",,,0.425,,
"POL","Poland","MEAN","Mean","2017","2017","RATIO","Ratio","0","Units",,,0.435,,
"POL","Poland","MEAN","Mean","2018","2018","RATIO","Ratio","0","Units",,,0.419,,
"POL","Poland","MEAN","Mean","2019","2019","RATIO","Ratio","0","Units",,,0.422,,
"PRT","Portugal","MEAN","Mean","2000","2000","RATIO","Ratio","0","Units",,,0.32,,
"PRT","Portugal","MEAN","Mean","2001","2001","RATIO","Ratio","0","Units",,,0.317,,
"PRT","Portugal","MEAN","Mean","2002","2002","RATIO","Ratio","0","Units",,,0.33,,
"PRT","Portugal","MEAN","Mean","2003","2003","RATIO","Ratio","0","Units",,,0.326,,
"PRT","Portugal","MEAN","Mean","2004","2004","RATIO","Ratio","0","Units",,,0.328,,
"PRT","Portugal","MEAN","Mean","2005","2005","RATIO","Ratio","0","Units",,,0.325,,
"PRT","Portugal","MEAN","Mean","2006","2006","RATIO","Ratio","0","Units",,,0.325,,
"PRT","Portugal","MEAN","Mean","2007","2007","RATIO","Ratio","0","Units",,,0.327,,
"PRT","Portugal","MEAN","Mean","2008","2008","RATIO","Ratio","0","Units",,,0.333,,
"PRT","Portugal","MEAN","Mean","2009","2009","RATIO","Ratio","0","Units",,,0.342,,
"PRT","Portugal","MEAN","Mean","2010","2010","RATIO","Ratio","0","Units",,,0.359,,
"PRT","Portugal","MEAN","Mean","2011","2011","RATIO","Ratio","0","Units",,,0.358,,
"PRT","Portugal","MEAN","Mean","2012","2012","RATIO","Ratio","0","Units",,,0.355,,
"PRT","Portugal","MEAN","Mean","2013","2013","RATIO","Ratio","0","Units",,,0.355,,
"PRT","Portugal","MEAN","Mean","2014","2014","RATIO","Ratio","0","Units",,,0.392,,
"PRT","Portugal","MEAN","Mean","2015","2015","RATIO","Ratio","0","Units",,,0.402,,
"PRT","Portugal","MEAN","Mean","2016","2016","RATIO","Ratio","0","Units",,,0.418,,
"PRT","Portugal","MEAN","Mean","2017","2017","RATIO","Ratio","0","Units",,,0.429,,
"PRT","Portugal","MEAN","Mean","2018","2018","RATIO","Ratio","0","Units",,,0.433,,
"PRT","Portugal","MEAN","Mean","2019","2019","RATIO","Ratio","0","Units",,,0.436,,
"SVK","Slovak Republic","MEAN","Mean","2000","2000","RATIO","Ratio","0","Units",,,0.341,,
"SVK","Slovak Republic","MEAN","Mean","2001","2001","RATIO","Ratio","0","Units",,,0.35,,
"SVK","Slovak Republic","MEAN","Mean","2002","2002","RATIO","Ratio","0","Units",,,0.34,,
"SVK","Slovak Republic","MEAN","Mean","2003","2003","RATIO","Ratio","0","Units",,,0.363,,
"SVK","Slovak Republic","MEAN","Mean","2004","2004","RATIO","Ratio","0","Units",,,0.35,,
"SVK","Slovak Republic","MEAN","Mean","2005","2005","RATIO","Ratio","0","Units",,,0.346,,
"SVK","Slovak Republic","MEAN","Mean","2006","2006","RATIO","Ratio","0","Units",,,0.346,,
"SVK","Slovak Republic","MEAN","Mean","2007","2007","RATIO","Ratio","0","Units",,,0.345,,
"SVK","Slovak Republic","MEAN","Mean","2008","2008","RATIO","Ratio","0","Units",,,0.336,,
"SVK","Slovak Republic","MEAN","Mean","2009","2009","RATIO","Ratio","0","Units",,,0.355,,
"SVK","Slovak Republic","MEAN","Mean","2010","2010","RATIO","Ratio","0","Units",,,0.369,,
"SVK","Slovak Republic","MEAN","Mean","2011","2011","RATIO","Ratio","0","Units",,,0.357,,
"SVK","Slovak Republic","MEAN","Mean","2012","2012","RATIO","Ratio","0","Units",,,0.357,,
"SVK","Slovak Republic","MEAN","Mean","2013","2013","RATIO","Ratio","0","Units",,,0.359,,
"SVK","Slovak Republic","MEAN","Mean","2014","2014","RATIO","Ratio","0","Units",,,0.366,,
"SVK","Slovak Republic","MEAN","Mean","2015","2015","RATIO","Ratio","0","Units",,,0.369,,
"SVK","Slovak Republic","MEAN","Mean","2016","2016","RATIO","Ratio","0","Units",,,0.375,,
"SVK","Slovak Republic","MEAN","Mean","2017","2017","RATIO","Ratio","0","Units",,,0.381,,
"SVK","Slovak Republic","MEAN","Mean","2018","2018","RATIO","Ratio","0","Units",,,0.394,,
"SVK","Slovak Republic","MEAN","Mean","2019","2019","RATIO","Ratio","0","Units",,,0.398,,
"ESP","Spain","MEAN","Mean","2000","2000","RATIO","Ratio","0","Units",,,0.293,,
"ESP","Spain","MEAN","Mean","2001","2001","RATIO","Ratio","0","Units",,,0.289,,
"ESP","Spain","MEAN","Mean","2002","2002","RATIO","Ratio","0","Units",,,0.284,,
"ESP","Spain","MEAN","Mean","2003","2003","RATIO","Ratio","0","Units",,,0.278,,
"ESP","Spain","MEAN","Mean","2004","2004","RATIO","Ratio","0","Units",,,0.284,,
"ESP","Spain","MEAN","Mean","2005","2005","RATIO","Ratio","0","Units",,,0.296,,
"ESP","Spain","MEAN","Mean","2006","2006","RATIO","Ratio","0","Units",,,0.312,,
"ESP","Spain","MEAN","Mean","2007","2007","RATIO","Ratio","0","Units",,,0.316,,
"ESP","Spain","MEAN","Mean","2008","2008","RATIO","Ratio","0","Units",,,0.316,,
"ESP","Spain","MEAN","Mean","2009","2009","RATIO","Ratio","0","Units",,,0.315,,
"ESP","Spain","MEAN","Mean","2010","2010","RATIO","Ratio","0","Units",,,0.316,,
"ESP","Spain","MEAN","Mean","2011","2011","RATIO","Ratio","0","Units",,,0.32,,
"ESP","Spain","MEAN","Mean","2012","2012","RATIO","Ratio","0","Units",,,0.319,,
"ESP","Spain","MEAN","Mean","2013","2013","RATIO","Ratio","0","Units",,,0.318,,
"ESP","Spain","MEAN","Mean","2014","2014","RATIO","Ratio","0","Units",,,0.312,,
"ESP","Spain","MEAN","Mean","2015","2015","RATIO","Ratio","0","Units",,,0.312,,
"ESP","Spain","MEAN","Mean","2016","2016","RATIO","Ratio","0","Units",,,0.318,,
"ESP","Spain","MEAN","Mean","2017","2017","RATIO","Ratio","0","Units",,,0.337,,
"ESP","Spain","MEAN","Mean","2018","2018","RATIO","Ratio","0","Units",,,0.348,,
"ESP","Spain","MEAN","Mean","2019","2019","RATIO","Ratio","0","Units",,,0.417,,
"TUR","Turkey","MEAN","Mean","2000","2000","RATIO","Ratio","0","Units",,,0.242,,
"TUR","Turkey","MEAN","Mean","2001","2001","RATIO","Ratio","0","Units",,,0.243,,
"TUR","Turkey","MEAN","Mean","2002","2002","RATIO","Ratio","0","Units",,,0.282,,
"TUR","Turkey","MEAN","Mean","2003","2003","RATIO","Ratio","0","Units",,,0.31,,
"TUR","Turkey","MEAN","Mean","2004","2004","RATIO","Ratio","0","Units",,,0.392,,
"TUR","Turkey","MEAN","Mean","2005","2005","RATIO","Ratio","0","Units",,,0.394,,
"TUR","Turkey","MEAN","Mean","2006","2006","RATIO","Ratio","0","Units",,,0.384,,
"TUR","Turkey","MEAN","Mean","2007","2007","RATIO","Ratio","0","Units",,,0.379,,
"TUR","Turkey","MEAN","Mean","2008","2008","RATIO","Ratio","0","Units",,,0.375,,
"TUR","Turkey","MEAN","Mean","2009","2009","RATIO","Ratio","0","Units",,,0.377,,
"TUR","Turkey","MEAN","Mean","2010","2010","RATIO","Ratio","0","Units",,,0.385,,
"TUR","Turkey","MEAN","Mean","2011","2011","RATIO","Ratio","0","Units",,,0.393,,
"TUR","Turkey","MEAN","Mean","2012","2012","RATIO","Ratio","0","Units",,,0.402,,
"TUR","Turkey","MEAN","Mean","2013","2013","RATIO","Ratio","0","Units",,,0.398,,
"TUR","Turkey","MEAN","Mean","2014","2014","RATIO","Ratio","0","Units",,,0.393,,
"TUR","Turkey","MEAN","Mean","2015","2015","RATIO","Ratio","0","Units",,,0.398,,
"TUR","Turkey","MEAN","Mean","2016","2016","RATIO","Ratio","0","Units",,,0.427,,
"TUR","Turkey","MEAN","Mean","2017","2017","RATIO","Ratio","0","Units",,,0.406,,
"TUR","Turkey","MEAN","Mean","2018","2018","RATIO","Ratio","0","Units",,,0.4,,
"TUR","Turkey","MEAN","Mean","2019","2019","RATIO","Ratio","0","Units",,,0.427,,
"GBR","United Kingdom","MEAN","Mean","2000","2000","RATIO","Ratio","0","Units",,,0.34,,
"GBR","United Kingdom","MEAN","Mean","2001","2001","RATIO","Ratio","0","Units",,,0.33,,
"GBR","United Kingdom","MEAN","Mean","2002","2002","RATIO","Ratio","0","Units",,,0.348,,
"GBR","United Kingdom","MEAN","Mean","2003","2003","RATIO","Ratio","0","Units",,,0.345,,
"GBR","United Kingdom","MEAN","Mean","2004","2004","RATIO","Ratio","0","Units",,,0.356,,
"GBR","United Kingdom","MEAN","Mean","2005","2005","RATIO","Ratio","0","Units",,,0.369,,
"GBR","United Kingdom","MEAN","Mean","2006","2006","RATIO","Ratio","0","Units",,,0.371,,
"GBR","United Kingdom","MEAN","Mean","2007","2007","RATIO","Ratio","0","Units",,,0.382,,
"GBR","United Kingdom","MEAN","Mean","2008","2008","RATIO","Ratio","0","Units",,,0.377,,
"GBR","United Kingdom","MEAN","Mean","2009","2009","RATIO","Ratio","0","Units",,,0.38,,
"GBR","United Kingdom","MEAN","Mean","2010","2010","RATIO","Ratio","0","Units",,,0.379,,
"GBR","United Kingdom","MEAN","Mean","2011","2011","RATIO","Ratio","0","Units",,,0.384,,
"GBR","United Kingdom","MEAN","Mean","2012","2012","RATIO","Ratio","0","Units",,,0.39,,
"GBR","United Kingdom","MEAN","Mean","2013","2013","RATIO","Ratio","0","Units",,,0.389,,
"GBR","United Kingdom","MEAN","Mean","2014","2014","RATIO","Ratio","0","Units",,,0.398,,
"GBR","United Kingdom","MEAN","Mean","2015","2015","RATIO","Ratio","0","Units",,,0.405,,
"GBR","United Kingdom","MEAN","Mean","2016","2016","RATIO","Ratio","0","Units",,,0.437,,
"GBR","United Kingdom","MEAN","Mean","2017","2017","RATIO","Ratio","0","Units",,,0.443,,
"GBR","United Kingdom","MEAN","Mean","2018","2018","RATIO","Ratio","0","Units",,,0.447,,
"GBR","United Kingdom","MEAN","Mean","2019","2019","RATIO","Ratio","0","Units",,,0.456,,
"USA","United States","MEAN","Mean","2000","2000","RATIO","Ratio","0","Units",,,0.285,,
"USA","United States","MEAN","Mean","2001","2001","RATIO","Ratio","0","Units",,,0.27,,
"USA","United States","MEAN","Mean","2002","2002","RATIO","Ratio","0","Units",,,0.262,,
"USA","United States","MEAN","Mean","2003","2003","RATIO","Ratio","0","Units",,,0.257,,
"USA","United States","MEAN","Mean","2004","2004","RATIO","Ratio","0","Units",,,0.249,,
"USA","United States","MEAN","Mean","2005","2005","RATIO","Ratio","0","Units",,,0.244,,
"USA","United States","MEAN","Mean","2006","2006","RATIO","Ratio","0","Units",,,0.236,,
"USA","United States","MEAN","Mean","2007","2007","RATIO","Ratio","0","Units",,,0.234,,
"USA","United States","MEAN","Mean","2008","2008","RATIO","Ratio","0","Units",,,0.253,,
"USA","United States","MEAN","Mean","2009","2009","RATIO","Ratio","0","Units",,,0.269,,
"USA","United States","MEAN","Mean","2010","2010","RATIO","Ratio","0","Units",,,0.284,,
"USA","United States","MEAN","Mean","2011","2011","RATIO","Ratio","0","Units",,,0.279,,
"USA","United States","MEAN","Mean","2012","2012","RATIO","Ratio","0","Units",,,0.271,,
"USA","United States","MEAN","Mean","2013","2013","RATIO","Ratio","0","Units",,,0.267,,
"USA","United States","MEAN","Mean","2014","2014","RATIO","Ratio","0","Units",,,0.266,,
"USA","United States","MEAN","Mean","2015","2015","RATIO","Ratio","0","Units",,,0.251,,
"USA","United States","MEAN","Mean","2016","2016","RATIO","Ratio","0","Units",,,0.248,,
"USA","United States","MEAN","Mean","2017","2017","RATIO","Ratio","0","Units",,,0.242,,
"USA","United States","MEAN","Mean","2018","2018","RATIO","Ratio","0","Units",,,0.232,,
"USA","United States","MEAN","Mean","2019","2019","RATIO","Ratio","0","Units",,,0.223,,
"SVN","Slovenia","MEAN","Mean","2005","2005","RATIO","Ratio","0","Units",,,0.431,,
"SVN","Slovenia","MEAN","Mean","2006","2006","RATIO","Ratio","0","Units",,,0.428,,
"SVN","Slovenia","MEAN","Mean","2007","2007","RATIO","Ratio","0","Units",,,0.414,,
"SVN","Slovenia","MEAN","Mean","2008","2008","RATIO","Ratio","0","Units",,,0.413,,
"SVN","Slovenia","MEAN","Mean","2009","2009","RATIO","Ratio","0","Units",,,0.414,,
"SVN","Slovenia","MEAN","Mean","2010","2010","RATIO","Ratio","0","Units",,,0.48,,
"SVN","Slovenia","MEAN","Mean","2011","2011","RATIO","Ratio","0","Units",,,0.493,,
"SVN","Slovenia","MEAN","Mean","2012","2012","RATIO","Ratio","0","Units",,,0.504,,
"SVN","Slovenia","MEAN","Mean","2013","2013","RATIO","Ratio","0","Units",,,0.519,,
"SVN","Slovenia","MEAN","Mean","2014","2014","RATIO","Ratio","0","Units",,,0.494,,
"SVN","Slovenia","MEAN","Mean","2015","2015","RATIO","Ratio","0","Units",,,0.492,,
"SVN","Slovenia","MEAN","Mean","2016","2016","RATIO","Ratio","0","Units",,,0.484,,
"SVN","Slovenia","MEAN","Mean","2017","2017","RATIO","Ratio","0","Units",,,0.479,,
"SVN","Slovenia","MEAN","Mean","2018","2018","RATIO","Ratio","0","Units",,,0.486,,
"SVN","Slovenia","MEAN","Mean","2019","2019","RATIO","Ratio","0","Units",,,0.49,,
"EST","Estonia","MEAN","Mean","2000","2000","RATIO","Ratio","0","Units",,,0.275,,
"EST","Estonia","MEAN","Mean","2001","2001","RATIO","Ratio","0","Units",,,0.281,,
"EST","Estonia","MEAN","Mean","2002","2002","RATIO","Ratio","0","Units",,,0.297,,
"EST","Estonia","MEAN","Mean","2003","2003","RATIO","Ratio","0","Units",,,0.316,,
"EST","Estonia","MEAN","Mean","2004","2004","RATIO","Ratio","0","Units",,,0.336,,
"EST","Estonia","MEAN","Mean","2005","2005","RATIO","Ratio","0","Units",,,0.323,,
"EST","Estonia","MEAN","Mean","2006","2006","RATIO","Ratio","0","Units",,,0.302,,
"EST","Estonia","MEAN","Mean","2007","2007","RATIO","Ratio","0","Units",,,0.297,,
"EST","Estonia","MEAN","Mean","2008","2008","RATIO","Ratio","0","Units",,,0.324,,
"EST","Estonia","MEAN","Mean","2009","2009","RATIO","Ratio","0","Units",,,0.341,,
"EST","Estonia","MEAN","Mean","2010","2010","RATIO","Ratio","0","Units",,,0.339,,
"EST","Estonia","MEAN","Mean","2011","2011","RATIO","Ratio","0","Units",,,0.32,,
"EST","Estonia","MEAN","Mean","2012","2012","RATIO","Ratio","0","Units",,,0.316,,
"EST","Estonia","MEAN","Mean","2013","2013","RATIO","Ratio","0","Units",,,0.326,,
"EST","Estonia","MEAN","Mean","2014","2014","RATIO","Ratio","0","Units",,,0.34,,
"EST","Estonia","MEAN","Mean","2015","2015","RATIO","Ratio","0","Units",,,0.352,,
"EST","Estonia","MEAN","Mean","2016","2016","RATIO","Ratio","0","Units",,,0.361,,
"EST","Estonia","MEAN","Mean","2017","2017","RATIO","Ratio","0","Units",,,0.37,,
"EST","Estonia","MEAN","Mean","2018","2018","RATIO","Ratio","0","Units",,,0.367,,
"EST","Estonia","MEAN","Mean","2019","2019","RATIO","Ratio","0","Units",,,0.369,,
"LTU","Lithuania","MEAN","Mean","2000","2000","RATIO","Ratio","0","Units",,,0.392,,
"LTU","Lithuania","MEAN","Mean","2001","2001","RATIO","Ratio","0","Units",,,0.388,,
"LTU","Lithuania","MEAN","Mean","2002","2002","RATIO","Ratio","0","Units",,,0.376,,
"LTU","Lithuania","MEAN","Mean","2003","2003","RATIO","Ratio","0","Units",,,0.361,,
"LTU","Lithuania","MEAN","Mean","2004","2004","RATIO","Ratio","0","Units",,,0.373,,
"LTU","Lithuania","MEAN","Mean","2005","2005","RATIO","Ratio","0","Units",,,0.365,,
"LTU","Lithuania","MEAN","Mean","2006","2006","RATIO","Ratio","0","Units",,,0.348,,
"LTU","Lithuania","MEAN","Mean","2007","2007","RATIO","Ratio","0","Units",,,0.326,,
"LTU","Lithuania","MEAN","Mean","2008","2008","RATIO","Ratio","0","Units",,,0.336,,
"LTU","Lithuania","MEAN","Mean","2009","2009","RATIO","Ratio","0","Units",,,0.352,,
"LTU","Lithuania","MEAN","Mean","2010","2010","RATIO","Ratio","0","Units",,,0.397,,
"LTU","Lithuania","MEAN","Mean","2011","2011","RATIO","Ratio","0","Units",,,0.386,,
"LTU","Lithuania","MEAN","Mean","2012","2012","RATIO","Ratio","0","Units",,,0.384,,
"LTU","Lithuania","MEAN","Mean","2013","2013","RATIO","Ratio","0","Units",,,0.444,,
"LTU","Lithuania","MEAN","Mean","2014","2014","RATIO","Ratio","0","Units",,,0.413,,
"LTU","Lithuania","MEAN","Mean","2015","2015","RATIO","Ratio","0","Units",,,0.419,,
"LTU","Lithuania","MEAN","Mean","2016","2016","RATIO","Ratio","0","Units",,,0.451,,
"LTU","Lithuania","MEAN","Mean","2017","2017","RATIO","Ratio","0","Units",,,0.433,,
"LTU","Lithuania","MEAN","Mean","2018","2018","RATIO","Ratio","0","Units",,,0.414,,
"LTU","Lithuania","MEAN","Mean","2019","2019","RATIO","Ratio","0","Units",,,0.409,,
"ROU","Romania","MEAN","Mean","2000","2000","RATIO","Ratio","0","Units",,,0.195,,
"ROU","Romania","MEAN","Mean","2001","2001","RATIO","Ratio","0","Units",,,0.286,,
"ROU","Romania","MEAN","Mean","2002","2002","RATIO","Ratio","0","Units",,,0.285,,
"ROU","Romania","MEAN","Mean","2003","2003","RATIO","Ratio","0","Units",,,0.349,,
"ROU","Romania","MEAN","Mean","2004","2004","RATIO","Ratio","0","Units",,,0.334,,
"ROU","Romania","MEAN","Mean","2005","2005","RATIO","Ratio","0","Units",,,0.316,,
"ROU","Romania","MEAN","Mean","2006","2006","RATIO","Ratio","0","Units",,,0.279,,
"ROU","Romania","MEAN","Mean","2007","2007","RATIO","Ratio","0","Units",,,0.262,,
"ROU","Romania","MEAN","Mean","2008","2008","RATIO","Ratio","0","Units",,,0.282,,
"ROU","Romania","MEAN","Mean","2009","2009","RATIO","Ratio","0","Units",,,0.317,,
"ROU","Romania","MEAN","Mean","2010","2010","RATIO","Ratio","0","Units",,,0.315,,
"ROU","Romania","MEAN","Mean","2011","2011","RATIO","Ratio","0","Units",,,0.331,,
"ROU","Romania","MEAN","Mean","2012","2012","RATIO","Ratio","0","Units",,,0.325,,
"ROU","Romania","MEAN","Mean","2013","2013","RATIO","Ratio","0","Units",,,0.348,,
"ROU","Romania","MEAN","Mean","2014","2014","RATIO","Ratio","0","Units",,,0.375,,
"ROU","Romania","MEAN","Mean","2015","2015","RATIO","Ratio","0","Units",,,0.401,,
"ROU","Romania","MEAN","Mean","2016","2016","RATIO","Ratio","0","Units",,,0.407,,
"ROU","Romania","MEAN","Mean","2017","2017","RATIO","Ratio","0","Units",,,0.435,,
"ROU","Romania","MEAN","Mean","2018","2018","RATIO","Ratio","0","Units",,,0.426,,
"ROU","Romania","MEAN","Mean","2019","2019","RATIO","Ratio","0","Units",,,0.413,,
"LVA","Latvia","MEAN","Mean","2000","2000","RATIO","Ratio","0","Units",,,0.259,,
"LVA","Latvia","MEAN","Mean","2001","2001","RATIO","Ratio","0","Units",,,0.267,,
"LVA","Latvia","MEAN","Mean","2002","2002","RATIO","Ratio","0","Units",,,0.269,,
"LVA","Latvia","MEAN","Mean","2003","2003","RATIO","Ratio","0","Units",,,0.337,,
"LVA","Latvia","MEAN","Mean","2004","2004","RATIO","Ratio","0","Units",,,0.351,,
"LVA","Latvia","MEAN","Mean","2005","2005","RATIO","Ratio","0","Units",,,0.303,,
"LVA","Latvia","MEAN","Mean","2006","2006","RATIO","Ratio","0","Units",,,0.276,,
"LVA","Latvia","MEAN","Mean","2007","2007","RATIO","Ratio","0","Units",,,0.285,,
"LVA","Latvia","MEAN","Mean","2008","2008","RATIO","Ratio","0","Units",,,0.315,,
"LVA","Latvia","MEAN","Mean","2009","2009","RATIO","Ratio","0","Units",,,0.369,,
"LVA","Latvia","MEAN","Mean","2010","2010","RATIO","Ratio","0","Units",,,0.382,,
"LVA","Latvia","MEAN","Mean","2011","2011","RATIO","Ratio","0","Units",,,0.404,,
"LVA","Latvia","MEAN","Mean","2012","2012","RATIO","Ratio","0","Units",,,0.389,,
"LVA","Latvia","MEAN","Mean","2013","2013","RATIO","Ratio","0","Units",,,0.374,,
"LVA","Latvia","MEAN","Mean","2014","2014","RATIO","Ratio","0","Units",,,0.394,,
"LVA","Latvia","MEAN","Mean","2015","2015","RATIO","Ratio","0","Units",,,0.415,,
"LVA","Latvia","MEAN","Mean","2016","2016","RATIO","Ratio","0","Units",,,0.406,,
"LVA","Latvia","MEAN","Mean","2017","2017","RATIO","Ratio","0","Units",,,0.386,,
"LVA","Latvia","MEAN","Mean","2018","2018","RATIO","Ratio","0","Units",,,0.404,,
"LVA","Latvia","MEAN","Mean","2019","2019","RATIO","Ratio","0","Units",,,0.377,,
"AUS","Australia","MEDIAN","Median","2000","2000","RATIO","Ratio","0","Units",,,0.576,,
"AUS","Australia","MEDIAN","Median","2001","2001","RATIO","Ratio","0","Units",,,0.581,,
"AUS","Australia","MEDIAN","Median","2002","2002","RATIO","Ratio","0","Units",,,0.575,,
"AUS","Australia","MEDIAN","Median","2003","2003","RATIO","Ratio","0","Units",,,0.583,,
"AUS","Australia","MEDIAN","Median","2004","2004","RATIO","Ratio","0","Units",,,0.584,,
"AUS","Australia","MEDIAN","Median","2005","2005","RATIO","Ratio","0","Units",,,0.574,,
"AUS","Australia","MEDIAN","Median","2006","2006","RATIO","Ratio","0","Units",,,0.538,,
"AUS","Australia","MEDIAN","Median","2007","2007","RATIO","Ratio","0","Units",,,0.544,,
"AUS","Australia","MEDIAN","Median","2008","2008","RATIO","Ratio","0","Units",,,0.522,,
"AUS","Australia","MEDIAN","Median","2009","2009","RATIO","Ratio","0","Units",,,0.543,,
"AUS","Australia","MEDIAN","Median","2010","2010","RATIO","Ratio","0","Units",,,0.542,,
"AUS","Australia","MEDIAN","Median","2011","2011","RATIO","Ratio","0","Units",,,0.535,,
"AUS","Australia","MEDIAN","Median","2012","2012","RATIO","Ratio","0","Units",,,0.527,,
"AUS","Australia","MEDIAN","Median","2013","2013","RATIO","Ratio","0","Units",,,0.539,,
"AUS","Australia","MEDIAN","Median","2014","2014","RATIO","Ratio","0","Units",,,0.534,,
"AUS","Australia","MEDIAN","Median","2015","2015","RATIO","Ratio","0","Units",,,0.534,,
"AUS","Australia","MEDIAN","Median","2016","2016","RATIO","Ratio","0","Units",,,0.539,,
"AUS","Australia","MEDIAN","Median","2017","2017","RATIO","Ratio","0","Units",,,0.549,,
"AUS","Australia","MEDIAN","Median","2018","2018","RATIO","Ratio","0","Units",,,0.54,,
"AUS","Australia","MEDIAN","Median","2019","2019","RATIO","Ratio","0","Units",,,0.543,,
"BEL","Belgium","MEDIAN","Median","2000","2000","RATIO","Ratio","0","Units",,,0.505,,
"BEL","Belgium","MEDIAN","Median","2001","2001","RATIO","Ratio","0","Units",,,0.496,,
"BEL","Belgium","MEDIAN","Median","2002","2002","RATIO","Ratio","0","Units",,,0.501,,
"BEL","Belgium","MEDIAN","Median","2003","2003","RATIO","Ratio","0","Units",,,0.487,,
"BEL","Belgium","MEDIAN","Median","2004","2004","RATIO","Ratio","0","Units",,,0.483,,
"BEL","Belgium","MEDIAN","Median","2005","2005","RATIO","Ratio","0","Units",,,0.482,,
"BEL","Belgium","MEDIAN","Median","2006","2006","RATIO","Ratio","0","Units",,,0.475,,
"BEL","Belgium","MEDIAN","Median","2007","2007","RATIO","Ratio","0","Units",,,0.479,,
"BEL","Belgium","MEDIAN","Median","2008","2008","RATIO","Ratio","0","Units",,,0.479,,
"BEL","Belgium","MEDIAN","Median","2009","2009","RATIO","Ratio","0","Units",,,0.494,,
"BEL","Belgium","MEDIAN","Median","2010","2010","RATIO","Ratio","0","Units",,,0.482,,
"BEL","Belgium","MEDIAN","Median","2011","2011","RATIO","Ratio","0","Units",,,0.486,,
"BEL","Belgium","MEDIAN","Median","2012","2012","RATIO","Ratio","0","Units",,,0.483,,
"BEL","Belgium","MEDIAN","Median","2013","2013","RATIO","Ratio","0","Units",,,0.494,,
"BEL","Belgium","MEDIAN","Median","2014","2014","RATIO","Ratio","0","Units",,,0.473,,
"BEL","Belgium","MEDIAN","Median","2015","2015","RATIO","Ratio","0","Units",,,0.455,,
"BEL","Belgium","MEDIAN","Median","2016","2016","RATIO","Ratio","0","Units",,,0.466,,
"BEL","Belgium","MEDIAN","Median","2017","2017","RATIO","Ratio","0","Units",,,0.475,,
"BEL","Belgium","MEDIAN","Median","2018","2018","RATIO","Ratio","0","Units",,,0.467,,
"BEL","Belgium","MEDIAN","Median","2019","2019","RATIO","Ratio","0","Units",,,0.466,,
"CAN","Canada","MEDIAN","Median","2000","2000","RATIO","Ratio","0","Units",,,0.414,,
"CAN","Canada","MEDIAN","Median","2001","2001","RATIO","Ratio","0","Units",,,0.403,,
"CAN","Canada","MEDIAN","Median","2002","2002","RATIO","Ratio","0","Units",,,0.402,,
"CAN","Canada","MEDIAN","Median","2003","2003","RATIO","Ratio","0","Units",,,0.4,,
"CAN","Canada","MEDIAN","Median","2004","2004","RATIO","Ratio","0","Units",,,0.393,,
"CAN","Canada","MEDIAN","Median","2005","2005","RATIO","Ratio","0","Units",,,0.402,,
"CAN","Canada","MEDIAN","Median","2006","2006","RATIO","Ratio","0","Units",,,0.404,,
"CAN","Canada","MEDIAN","Median","2007","2007","RATIO","Ratio","0","Units",,,0.407,,
"CAN","Canada","MEDIAN","Median","2008","2008","RATIO","Ratio","0","Units",,,0.417,,
"CAN","Canada","MEDIAN","Median","2009","2009","RATIO","Ratio","0","Units",,,0.422,,
"CAN","Canada","MEDIAN","Median","2010","2010","RATIO","Ratio","0","Units",,,0.439,,
"CAN","Canada","MEDIAN","Median","2011","2011","RATIO","Ratio","0","Units",,,0.446,,
"CAN","Canada","MEDIAN","Median","2012","2012","RATIO","Ratio","0","Units",,,0.453,,
"CAN","Canada","MEDIAN","Median","2013","2013","RATIO","Ratio","0","Units",,,0.443,,
"CAN","Canada","MEDIAN","Median","2014","2014","RATIO","Ratio","0","Units",,,0.45,,
"CAN","Canada","MEDIAN","Median","2015","2015","RATIO","Ratio","0","Units",,,0.445,,
"CAN","Canada","MEDIAN","Median","2016","2016","RATIO","Ratio","0","Units",,,0.457,,
"CAN","Canada","MEDIAN","Median","2017","2017","RATIO","Ratio","0","Units",,,0.457,,
"CAN","Canada","MEDIAN","Median","2018","2018","RATIO","Ratio","0","Units",,,0.514,,
"CAN","Canada","MEDIAN","Median","2019","2019","RATIO","Ratio","0","Units",,,0.512,,
"CZE","Czech Republic","MEDIAN","Median","2000","2000","RATIO","Ratio","0","Units",,,0.324,,
"CZE","Czech Republic","MEDIAN","Median","2001","2001","RATIO","Ratio","0","Units",,,0.353,,
"CZE","Czech Republic","MEDIAN","Median","2002","2002","RATIO","Ratio","0","Units",,,0.39,,
"CZE","Czech Republic","MEDIAN","Median","2003","2003","RATIO","Ratio","0","Units",,,0.395,,
"CZE","Czech Republic","MEDIAN","Median","2004","2004","RATIO","Ratio","0","Units",,,0.402,,
"CZE","Czech Republic","MEDIAN","Median","2005","2005","RATIO","Ratio","0","Units",,,0.411,,
"CZE","Czech Republic","MEDIAN","Median","2006","2006","RATIO","Ratio","0","Units",,,0.423,,
"CZE","Czech Republic","MEDIAN","Median","2007","2007","RATIO","Ratio","0","Units",,,0.407,,
"CZE","Czech Republic","MEDIAN","Median","2008","2008","RATIO","Ratio","0","Units",,,0.383,,
"CZE","Czech Republic","MEDIAN","Median","2009","2009","RATIO","Ratio","0","Units",,,0.383,,
"CZE","Czech Republic","MEDIAN","Median","2010","2010","RATIO","Ratio","0","Units",,,0.376,,
"CZE","Czech Republic","MEDIAN","Median","2011","2011","RATIO","Ratio","0","Units",,,0.371,,
"CZE","Czech Republic","MEDIAN","Median","2012","2012","RATIO","Ratio","0","Units",,,0.363,,
"CZE","Czech Republic","MEDIAN","Median","2013","2013","RATIO","Ratio","0","Units",,,0.368,,
"CZE","Czech Republic","MEDIAN","Median","2014","2014","RATIO","Ratio","0","Units",,,0.372,,
"CZE","Czech Republic","MEDIAN","Median","2015","2015","RATIO","Ratio","0","Units",,,0.387,,
"CZE","Czech Republic","MEDIAN","Median","2016","2016","RATIO","Ratio","0","Units",,,0.397,,
"CZE","Czech Republic","MEDIAN","Median","2017","2017","RATIO","Ratio","0","Units",,,0.409,,
"CZE","Czech Republic","MEDIAN","Median","2018","2018","RATIO","Ratio","0","Units",,,0.418,,
"CZE","Czech Republic","MEDIAN","Median","2019","2019","RATIO","Ratio","0","Units",,,0.429,,
"FRA","France","MEDIAN","Median","2000","2000","RATIO","Ratio","0","Units",,,0.616,,
"FRA","France","MEDIAN","Median","2001","2001","RATIO","Ratio","0","Units",,,0.631,,
"FRA","France","MEDIAN","Median","2002","2002","RATIO","Ratio","0","Units",,,0.631,,
"FRA","France","MEDIAN","Median","2003","2003","RATIO","Ratio","0","Units",,,0.638,,
"FRA","France","MEDIAN","Median","2004","2004","RATIO","Ratio","0","Units",,,0.657,,
"FRA","France","MEDIAN","Median","2005","2005","RATIO","Ratio","0","Units",,,0.67,,
"FRA","France","MEDIAN","Median","2006","2006","RATIO","Ratio","0","Units",,,0.633,,
"FRA","France","MEDIAN","Median","2007","2007","RATIO","Ratio","0","Units",,,0.633,,
"FRA","France","MEDIAN","Median","2008","2008","RATIO","Ratio","0","Units",,,0.629,,
"FRA","France","MEDIAN","Median","2009","2009","RATIO","Ratio","0","Units",,,0.627,,
"FRA","France","MEDIAN","Median","2010","2010","RATIO","Ratio","0","Units",,,0.621,,
"FRA","France","MEDIAN","Median","2011","2011","RATIO","Ratio","0","Units",,,0.619,,
"FRA","France","MEDIAN","Median","2012","2012","RATIO","Ratio","0","Units",,,0.63,,
"FRA","France","MEDIAN","Median","2013","2013","RATIO","Ratio","0","Units",,,0.628,,
"FRA","France","MEDIAN","Median","2014","2014","RATIO","Ratio","0","Units",,,0.625,,
"FRA","France","MEDIAN","Median","2015","2015","RATIO","Ratio","0","Units",,,0.623,,
"FRA","France","MEDIAN","Median","2016","2016","RATIO","Ratio","0","Units",,,0.62,,
"FRA","France","MEDIAN","Median","2017","2017","RATIO","Ratio","0","Units",,,0.617,,
"FRA","France","MEDIAN","Median","2018","2018","RATIO","Ratio","0","Units",,,0.616,,
"FRA","France","MEDIAN","Median","2019","2019","RATIO","Ratio","0","Units",,,0.614,,
"GRC","Greece","MEDIAN","Median","2000","2000","RATIO","Ratio","0","Units",,,0.439,,
"GRC","Greece","MEDIAN","Median","2001","2001","RATIO","Ratio","0","Units",,,0.425,,
"GRC","Greece","MEDIAN","Median","2002","2002","RATIO","Ratio","0","Units",,,0.426,,
"GRC","Greece","MEDIAN","Median","2003","2003","RATIO","Ratio","0","Units",,,0.38,,
"GRC","Greece","MEDIAN","Median","2004","2004","RATIO","Ratio","0","Units",,,0.381,,
"GRC","Greece","MEDIAN","Median","2005","2005","RATIO","Ratio","0","Units",,,0.396,,
"GRC","Greece","MEDIAN","Median","2006","2006","RATIO","Ratio","0","Units",,,0.423,,
"GRC","Greece","MEDIAN","Median","2007","2007","RATIO","Ratio","0","Units",,,0.431,,
"GRC","Greece","MEDIAN","Median","2008","2008","RATIO","Ratio","0","Units",,,0.447,,
"GRC","Greece","MEDIAN","Median","2009","2009","RATIO","Ratio","0","Units",,,0.449,,
"GRC","Greece","MEDIAN","Median","2010","2010","RATIO","Ratio","0","Units",,,0.451,,
"GRC","Greece","MEDIAN","Median","2011","2011","RATIO","Ratio","0","Units",,,0.489,,
"GRC","Greece","MEDIAN","Median","2012","2012","RATIO","Ratio","0","Units",,,0.409,,
"GRC","Greece","MEDIAN","Median","2013","2013","RATIO","Ratio","0","Units",,,0.428,,
"GRC","Greece","MEDIAN","Median","2014","2014","RATIO","Ratio","0","Units",,,0.437,,
"GRC","Greece","MEDIAN","Median","2015","2015","RATIO","Ratio","0","Units",,,0.448,,
"GRC","Greece","MEDIAN","Median","2016","2016","RATIO","Ratio","0","Units",,,0.452,,
"GRC","Greece","MEDIAN","Median","2017","2017","RATIO","Ratio","0","Units",,,0.449,,
"GRC","Greece","MEDIAN","Median","2018","2018","RATIO","Ratio","0","Units",,,0.443,,
"GRC","Greece","MEDIAN","Median","2019","2019","RATIO","Ratio","0","Units",,,0.482,,
"HUN","Hungary","MEDIAN","Median","2000","2000","RATIO","Ratio","0","Units",,,0.364,,
"HUN","Hungary","MEDIAN","Median","2001","2001","RATIO","Ratio","0","Units",,,0.5,,
"HUN","Hungary","MEDIAN","Median","2002","2002","RATIO","Ratio","0","Units",,,0.569,,
"HUN","Hungary","MEDIAN","Median","2003","2003","RATIO","Ratio","0","Units",,,0.467,,
"HUN","Hungary","MEDIAN","Median","2004","2004","RATIO","Ratio","0","Units",,,0.472,,
"HUN","Hungary","MEDIAN","Median","2005","2005","RATIO","Ratio","0","Units",,,0.463,,
"HUN","Hungary","MEDIAN","Median","2006","2006","RATIO","Ratio","0","Units",,,0.476,,
"HUN","Hungary","MEDIAN","Median","2007","2007","RATIO","Ratio","0","Units",,,0.467,,
"HUN","Hungary","MEDIAN","Median","2008","2008","RATIO","Ratio","0","Units",,,0.46,,
"HUN","Hungary","MEDIAN","Median","2009","2009","RATIO","Ratio","0","Units",,,0.466,,
"HUN","Hungary","MEDIAN","Median","2010","2010","RATIO","Ratio","0","Units",,,0.474,,
"HUN","Hungary","MEDIAN","Median","2011","2011","RATIO","Ratio","0","Units",,,0.494,,
"HUN","Hungary","MEDIAN","Median","2012","2012","RATIO","Ratio","0","Units",,,0.538,,
"HUN","Hungary","MEDIAN","Median","2013","2013","RATIO","Ratio","0","Units",,,0.538,,
"HUN","Hungary","MEDIAN","Median","2014","2014","RATIO","Ratio","0","Units",,,0.535,,
"HUN","Hungary","MEDIAN","Median","2015","2015","RATIO","Ratio","0","Units",,,0.525,,
"HUN","Hungary","MEDIAN","Median","2016","2016","RATIO","Ratio","0","Units",,,0.511,,
"HUN","Hungary","MEDIAN","Median","2017","2017","RATIO","Ratio","0","Units",,,0.528,,
"HUN","Hungary","MEDIAN","Median","2018","2018","RATIO","Ratio","0","Units",,,0.517,,
"HUN","Hungary","MEDIAN","Median","2019","2019","RATIO","Ratio","0","Units",,,0.5,,
"IRL","Ireland","MEDIAN","Median","2002","2002","RATIO","Ratio","0","Units",,,0.36,,
"IRL","Ireland","MEDIAN","Median","2003","2003","RATIO","Ratio","0","Units",,,0.359,,
"IRL","Ireland","MEDIAN","Median","2004","2004","RATIO","Ratio","0","Units",,,0.369,,
"IRL","Ireland","MEDIAN","Median","2005","2005","RATIO","Ratio","0","Units",,,0.379,,
"IRL","Ireland","MEDIAN","Median","2006","2006","RATIO","Ratio","0","Units",,,0.431,,
"IRL","Ireland","MEDIAN","Median","2007","2007","RATIO","Ratio","0","Units",,,0.437,,
"IRL","Ireland","MEDIAN","Median","2008","2008","RATIO","Ratio","0","Units",,,0.431,,
"IRL","Ireland","MEDIAN","Median","2009","2009","RATIO","Ratio","0","Units",,,0.385,,
"IRL","Ireland","MEDIAN","Median","2010","2010","RATIO","Ratio","0","Units",,,0.453,,
"IRL","Ireland","MEDIAN","Median","2011","2011","RATIO","Ratio","0","Units",,,0.444,,
"IRL","Ireland","MEDIAN","Median","2012","2012","RATIO","Ratio","0","Units",,,0.453,,
"IRL","Ireland","MEDIAN","Median","2013","2013","RATIO","Ratio","0","Units",,,0.446,,
"IRL","Ireland","MEDIAN","Median","2014","2014","RATIO","Ratio","0","Units",,,0.404,,
"IRL","Ireland","MEDIAN","Median","2015","2015","RATIO","Ratio","0","Units",,,0.392,,
"IRL","Ireland","MEDIAN","Median","2016","2016","RATIO","Ratio","0","Units",,,0.423,,
"IRL","Ireland","MEDIAN","Median","2017","2017","RATIO","Ratio","0","Units",,,0.421,,
"IRL","Ireland","MEDIAN","Median","2018","2018","RATIO","Ratio","0","Units",,,0.424,,
"IRL","Ireland","MEDIAN","Median","2019","2019","RATIO","Ratio","0","Units",,,0.421,,
"JPN","Japan","MEDIAN","Median","2000","2000","RATIO","Ratio","0","Units",,,0.322,,
"JPN","Japan","MEDIAN","Median","2001","2001","RATIO","Ratio","0","Units",,,0.321,,
"JPN","Japan","MEDIAN","Median","2002","2002","RATIO","Ratio","0","Units",,,0.325,,
"JPN","Japan","MEDIAN","Median","2003","2003","RATIO","Ratio","0","Units",,,0.33,,
"JPN","Japan","MEDIAN","Median","2004","2004","RATIO","Ratio","0","Units",,,0.335,,
"JPN","Japan","MEDIAN","Median","2005","2005","RATIO","Ratio","0","Units",,,0.334,,
"JPN","Japan","MEDIAN","Median","2006","2006","RATIO","Ratio","0","Units",,,0.338,,
"JPN","Japan","MEDIAN","Median","2007","2007","RATIO","Ratio","0","Units",,,0.34,,
"JPN","Japan","MEDIAN","Median","2008","2008","RATIO","Ratio","0","Units",,,0.346,,
"JPN","Japan","MEDIAN","Median","2009","2009","RATIO","Ratio","0","Units",,,0.361,,
"JPN","Japan","MEDIAN","Median","2010","2010","RATIO","Ratio","0","Units",,,0.373,,
"JPN","Japan","MEDIAN","Median","2011","2011","RATIO","Ratio","0","Units",,,0.381,,
"JPN","Japan","MEDIAN","Median","2012","2012","RATIO","Ratio","0","Units",,,0.383,,
"JPN","Japan","MEDIAN","Median","2013","2013","RATIO","Ratio","0","Units",,,0.39,,
"JPN","Japan","MEDIAN","Median","2014","2014","RATIO","Ratio","0","Units",,,0.392,,
"JPN","Japan","MEDIAN","Median","2015","2015","RATIO","Ratio","0","Units",,,0.396,,
"JPN","Japan","MEDIAN","Median","2016","2016","RATIO","Ratio","0","Units",,,0.403,,
"JPN","Japan","MEDIAN","Median","2017","2017","RATIO","Ratio","0","Units",,,0.415,,
"JPN","Japan","MEDIAN","Median","2018","2018","RATIO","Ratio","0","Units",,,0.426,,
"JPN","Japan","MEDIAN","Median","2019","2019","RATIO","Ratio","0","Units",,,0.436,,
"KOR","Korea","MEDIAN","Median","2000","2000","RATIO","Ratio","0","Units",,,0.287,,
"KOR","Korea","MEDIAN","Median","2001","2001","RATIO","Ratio","0","Units",,,0.318,,
"KOR","Korea","MEDIAN","Median","2002","2002","RATIO","Ratio","0","Units",,,0.334,,
"KOR","Korea","MEDIAN","Median","2003","2003","RATIO","Ratio","0","Units",,,0.339,,
"KOR","Korea","MEDIAN","Median","2004","2004","RATIO","Ratio","0","Units",,,0.353,,
"KOR","Korea","MEDIAN","Median","2005","2005","RATIO","Ratio","0","Units",,,0.372,,
"KOR","Korea","MEDIAN","Median","2006","2006","RATIO","Ratio","0","Units",,,0.389,,
"KOR","Korea","MEDIAN","Median","2007","2007","RATIO","Ratio","0","Units",,,0.428,,
"KOR","Korea","MEDIAN","Median","2008","2008","RATIO","Ratio","0","Units",,,0.436,,
"KOR","Korea","MEDIAN","Median","2009","2009","RATIO","Ratio","0","Units",,,0.452,,
"KOR","Korea","MEDIAN","Median","2010","2010","RATIO","Ratio","0","Units",,,0.45,,
"KOR","Korea","MEDIAN","Median","2011","2011","RATIO","Ratio","0","Units",,,0.454,,
"KOR","Korea","MEDIAN","Median","2012","2012","RATIO","Ratio","0","Units",,,0.429,,
"KOR","Korea","MEDIAN","Median","2013","2013","RATIO","Ratio","0","Units",,,0.442,,
"KOR","Korea","MEDIAN","Median","2014","2014","RATIO","Ratio","0","Units",,,0.458,,
"KOR","Korea","MEDIAN","Median","2015","2015","RATIO","Ratio","0","Units",,,0.485,,
"KOR","Korea","MEDIAN","Median","2016","2016","RATIO","Ratio","0","Units",,,0.504,,
"KOR","Korea","MEDIAN","Median","2017","2017","RATIO","Ratio","0","Units",,,0.528,,
"KOR","Korea","MEDIAN","Median","2018","2018","RATIO","Ratio","0","Units",,,0.585,,
"KOR","Korea","MEDIAN","Median","2019","2019","RATIO","Ratio","0","Units",,,0.626,,
"LUX","Luxembourg","MEDIAN","Median","2000","2000","RATIO","Ratio","0","Units",,,0.515,,
"LUX","Luxembourg","MEDIAN","Median","2001","2001","RATIO","Ratio","0","Units",,,0.528,,
"LUX","Luxembourg","MEDIAN","Median","2002","2002","RATIO","Ratio","0","Units",,,0.517,,
"LUX","Luxembourg","MEDIAN","Median","2003","2003","RATIO","Ratio","0","Units",,,0.528,,
"LUX","Luxembourg","MEDIAN","Median","2004","2004","RATIO","Ratio","0","Units",,,0.519,,
"LUX","Luxembourg","MEDIAN","Median","2005","2005","RATIO","Ratio","0","Units",,,0.522,,
"LUX","Luxembourg","MEDIAN","Median","2006","2006","RATIO","Ratio","0","Units",,,0.541,,
"LUX","Luxembourg","MEDIAN","Median","2007","2007","RATIO","Ratio","0","Units",,,0.545,,
"LUX","Luxembourg","MEDIAN","Median","2008","2008","RATIO","Ratio","0","Units",,,0.537,,
"LUX","Luxembourg","MEDIAN","Median","2009","2009","RATIO","Ratio","0","Units",,,0.545,,
"LUX","Luxembourg","MEDIAN","Median","2010","2010","RATIO","Ratio","0","Units",,,0.555,,
"LUX","Luxembourg","MEDIAN","Median","2011","2011","RATIO","Ratio","0","Units",,,0.559,,
"LUX","Luxembourg","MEDIAN","Median","2012","2012","RATIO","Ratio","0","Units",,,0.556,,
"LUX","Luxembourg","MEDIAN","Median","2013","2013","RATIO","Ratio","0","Units",,,0.549,,
"LUX","Luxembourg","MEDIAN","Median","2014","2014","RATIO","Ratio","0","Units",,,0.553,,
"LUX","Luxembourg","MEDIAN","Median","2015","2015","RATIO","Ratio","0","Units",,,0.548,,
"LUX","Luxembourg","MEDIAN","Median","2016","2016","RATIO","Ratio","0","Units",,,0.544,,
"LUX","Luxembourg","MEDIAN","Median","2017","2017","RATIO","Ratio","0","Units",,,0.547,,
"LUX","Luxembourg","MEDIAN","Median","2018","2018","RATIO","Ratio","0","Units",,,0.538,,
"LUX","Luxembourg","MEDIAN","Median","2019","2019","RATIO","Ratio","0","Units",,,0.545,,
"MEX","Mexico","MEDIAN","Median","2005","2005","RATIO","Ratio","0","Units",,,0.381,,
"MEX","Mexico","MEDIAN","Median","2006","2006","RATIO","Ratio","0","Units",,,0.376,,
"MEX","Mexico","MEDIAN","Median","2007","2007","RATIO","Ratio","0","Units",,,0.366,,
"MEX","Mexico","MEDIAN","Median","2008","2008","RATIO","Ratio","0","Units",,,0.361,,
"MEX","Mexico","MEDIAN","Median","2009","2009","RATIO","Ratio","0","Units",,,0.367,,
"MEX","Mexico","MEDIAN","Median","2010","2010","RATIO","Ratio","0","Units",,,0.348,,
"MEX","Mexico","MEDIAN","Median","2011","2011","RATIO","Ratio","0","Units",,,0.362,,
"MEX","Mexico","MEDIAN","Median","2012","2012","RATIO","Ratio","0","Units",,,0.363,,
"MEX","Mexico","MEDIAN","Median","2013","2013","RATIO","Ratio","0","Units",,,0.368,,
"MEX","Mexico","MEDIAN","Median","2014","2014","RATIO","Ratio","0","Units",,,0.374,,
"MEX","Mexico","MEDIAN","Median","2015","2015","RATIO","Ratio","0","Units",,,0.374,,
"MEX","Mexico","MEDIAN","Median","2016","2016","RATIO","Ratio","0","Units",,,0.384,,
"MEX","Mexico","MEDIAN","Median","2017","2017","RATIO","Ratio","0","Units",,,0.4,,
"MEX","Mexico","MEDIAN","Median","2018","2018","RATIO","Ratio","0","Units",,,0.422,,
"MEX","Mexico","MEDIAN","Median","2019","2019","RATIO","Ratio","0","Units",,,0.459,,
"NLD","Netherlands","MEDIAN","Median","2000","2000","RATIO","Ratio","0","Units",,,0.523,,
"NLD","Netherlands","MEDIAN","Median","2001","2001","RATIO","Ratio","0","Units",,,0.528,,
"NLD","Netherlands","MEDIAN","Median","2002","2002","RATIO","Ratio","0","Units",,,0.482,,
"NLD","Netherlands","MEDIAN","Median","2003","2003","RATIO","Ratio","0","Units",,,0.483,,
"NLD","Netherlands","MEDIAN","Median","2004","2004","RATIO","Ratio","0","Units",,,0.473,,
"NLD","Netherlands","MEDIAN","Median","2005","2005","RATIO","Ratio","0","Units",,,0.465,,
"NLD","Netherlands","MEDIAN","Median","2006","2006","RATIO","Ratio","0","Units",,,0.498,,
"NLD","Netherlands","MEDIAN","Median","2007","2007","RATIO","Ratio","0","Units",,,0.504,,
"NLD","Netherlands","MEDIAN","Median","2008","2008","RATIO","Ratio","0","Units",,,0.504,,
"NLD","Netherlands","MEDIAN","Median","2009","2009","RATIO","Ratio","0","Units",,,0.506,,
"NLD","Netherlands","MEDIAN","Median","2010","2010","RATIO","Ratio","0","Units",,,0.473,,
"NLD","Netherlands","MEDIAN","Median","2011","2011","RATIO","Ratio","0","Units",,,0.469,,
"NLD","Netherlands","MEDIAN","Median","2012","2012","RATIO","Ratio","0","Units",,,0.47,,
"NLD","Netherlands","MEDIAN","Median","2013","2013","RATIO","Ratio","0","Units",,,0.466,,
"NLD","Netherlands","MEDIAN","Median","2014","2014","RATIO","Ratio","0","Units",,,0.464,,
"NLD","Netherlands","MEDIAN","Median","2015","2015","RATIO","Ratio","0","Units",,,0.461,,
"NLD","Netherlands","MEDIAN","Median","2016","2016","RATIO","Ratio","0","Units",,,0.465,,
"NLD","Netherlands","MEDIAN","Median","2017","2017","RATIO","Ratio","0","Units",,,0.468,,
"NLD","Netherlands","MEDIAN","Median","2018","2018","RATIO","Ratio","0","Units",,,0.471,,
"NLD","Netherlands","MEDIAN","Median","2019","2019","RATIO","Ratio","0","Units",,,0.472,,
"NZL","New Zealand","MEDIAN","Median","2000","2000","RATIO","Ratio","0","Units",,,0.503,,
"NZL","New Zealand","MEDIAN","Median","2001","2001","RATIO","Ratio","0","Units",,,0.511,,
"NZL","New Zealand","MEDIAN","Median","2002","2002","RATIO","Ratio","0","Units",,,0.515,,
"NZL","New Zealand","MEDIAN","Median","2003","2003","RATIO","Ratio","0","Units",,,0.53,,
"NZL","New Zealand","MEDIAN","Median","2004","2004","RATIO","Ratio","0","Units",,,0.532,,
"NZL","New Zealand","MEDIAN","Median","2005","2005","RATIO","Ratio","0","Units",,,0.544,,
"NZL","New Zealand","MEDIAN","Median","2006","2006","RATIO","Ratio","0","Units",,,0.56,,
"NZL","New Zealand","MEDIAN","Median","2007","2007","RATIO","Ratio","0","Units",,,0.573,,
"NZL","New Zealand","MEDIAN","Median","2008","2008","RATIO","Ratio","0","Units",,,0.59,,
"NZL","New Zealand","MEDIAN","Median","2009","2009","RATIO","Ratio","0","Units",,,0.59,,
"NZL","New Zealand","MEDIAN","Median","2010","2010","RATIO","Ratio","0","Units",,,0.588,,
"NZL","New Zealand","MEDIAN","Median","2011","2011","RATIO","Ratio","0","Units",,,0.588,,
"NZL","New Zealand","MEDIAN","Median","2012","2012","RATIO","Ratio","0","Units",,,0.594,,
"NZL","New Zealand","MEDIAN","Median","2013","2013","RATIO","Ratio","0","Units",,,0.591,,
"NZL","New Zealand","MEDIAN","Median","2014","2014","RATIO","Ratio","0","Units",,,0.598,,
"NZL","New Zealand","MEDIAN","Median","2015","2015","RATIO","Ratio","0","Units",,,0.6,,
"NZL","New Zealand","MEDIAN","Median","2016","2016","RATIO","Ratio","0","Units",,,0.605,,
"NZL","New Zealand","MEDIAN","Median","2017","2017","RATIO","Ratio","0","Units",,,0.603,,
"NZL","New Zealand","MEDIAN","Median","2018","2018","RATIO","Ratio","0","Units",,,0.613,,
"NZL","New Zealand","MEDIAN","Median","2019","2019","RATIO","Ratio","0","Units",,,0.659,,
"POL","Poland","MEDIAN","Median","2000","2000","RATIO","Ratio","0","Units",,,0.396,,
"POL","Poland","MEDIAN","Median","2001","2001","RATIO","Ratio","0","Units",,,0.416,,
"POL","Poland","MEDIAN","Median","2002","2002","RATIO","Ratio","0","Units",,,0.417,,
"POL","Poland","MEDIAN","Median","2003","2003","RATIO","Ratio","0","Units",,,0.431,,
"POL","Poland","MEDIAN","Median","2004","2004","RATIO","Ratio","0","Units",,,0.431,,
"POL","Poland","MEDIAN","Median","2005","2005","RATIO","Ratio","0","Units",,,0.421,,
"POL","Poland","MEDIAN","Median","2006","2006","RATIO","Ratio","0","Units",,,0.421,,
"POL","Poland","MEDIAN","Median","2007","2007","RATIO","Ratio","0","Units",,,0.396,,
"POL","Poland","MEDIAN","Median","2008","2008","RATIO","Ratio","0","Units",,,0.426,,
"POL","Poland","MEDIAN","Median","2009","2009","RATIO","Ratio","0","Units",,,0.458,,
"POL","Poland","MEDIAN","Median","2010","2010","RATIO","Ratio","0","Units",,,0.453,,
"POL","Poland","MEDIAN","Median","2011","2011","RATIO","Ratio","0","Units",,,0.452,,
"POL","Poland","MEDIAN","Median","2012","2012","RATIO","Ratio","0","Units",,,0.481,,
"POL","Poland","MEDIAN","Median","2013","2013","RATIO","Ratio","0","Units",,,0.495,,
"POL","Poland","MEDIAN","Median","2014","2014","RATIO","Ratio","0","Units",,,0.51,,
"POL","Poland","MEDIAN","Median","2015","2015","RATIO","Ratio","0","Units",,,0.512,,
"POL","Poland","MEDIAN","Median","2016","2016","RATIO","Ratio","0","Units",,,0.526,,
"POL","Poland","MEDIAN","Median","2017","2017","RATIO","Ratio","0","Units",,,0.539,,
"POL","Poland","MEDIAN","Median","2018","2018","RATIO","Ratio","0","Units",,,0.512,,
"POL","Poland","MEDIAN","Median","2019","2019","RATIO","Ratio","0","Units",,,0.515,,
"PRT","Portugal","MEDIAN","Median","2000","2000","RATIO","Ratio","0","Units",,,0.456,,
"PRT","Portugal","MEDIAN","Median","2001","2001","RATIO","Ratio","0","Units",,,0.452,,
"PRT","Portugal","MEDIAN","Median","2002","2002","RATIO","Ratio","0","Units",,,0.47,,
"PRT","Portugal","MEDIAN","Median","2003","2003","RATIO","Ratio","0","Units",,,0.465,,
"PRT","Portugal","MEDIAN","Median","2004","2004","RATIO","Ratio","0","Units",,,0.467,,
"PRT","Portugal","MEDIAN","Median","2005","2005","RATIO","Ratio","0","Units",,,0.463,,
"PRT","Portugal","MEDIAN","Median","2006","2006","RATIO","Ratio","0","Units",,,0.474,,
"PRT","Portugal","MEDIAN","Median","2007","2007","RATIO","Ratio","0","Units",,,0.476,,
"PRT","Portugal","MEDIAN","Median","2008","2008","RATIO","Ratio","0","Units",,,0.486,,
"PRT","Portugal","MEDIAN","Median","2009","2009","RATIO","Ratio","0","Units",,,0.498,,
"PRT","Portugal","MEDIAN","Median","2010","2010","RATIO","Ratio","0","Units",,,0.527,,
"PRT","Portugal","MEDIAN","Median","2011","2011","RATIO","Ratio","0","Units",,,0.527,,
"PRT","Portugal","MEDIAN","Median","2012","2012","RATIO","Ratio","0","Units",,,0.521,,
"PRT","Portugal","MEDIAN","Median","2013","2013","RATIO","Ratio","0","Units",,,0.522,,
"PRT","Portugal","MEDIAN","Median","2014","2014","RATIO","Ratio","0","Units",,,0.548,,
"PRT","Portugal","MEDIAN","Median","2015","2015","RATIO","Ratio","0","Units",,,0.563,,
"PRT","Portugal","MEDIAN","Median","2016","2016","RATIO","Ratio","0","Units",,,0.585,,
"PRT","Portugal","MEDIAN","Median","2017","2017","RATIO","Ratio","0","Units",,,0.601,,
"PRT","Portugal","MEDIAN","Median","2018","2018","RATIO","Ratio","0","Units",,,0.606,,
"PRT","Portugal","MEDIAN","Median","2019","2019","RATIO","Ratio","0","Units",,,0.61,,
"SVK","Slovak Republic","MEDIAN","Median","2000","2000","RATIO","Ratio","0","Units",,,0.42,,
"SVK","Slovak Republic","MEDIAN","Median","2001","2001","RATIO","Ratio","0","Units",,,0.432,,
"SVK","Slovak Republic","MEDIAN","Median","2002","2002","RATIO","Ratio","0","Units",,,0.417,,
"SVK","Slovak Republic","MEDIAN","Median","2003","2003","RATIO","Ratio","0","Units",,,0.447,,
"SVK","Slovak Republic","MEDIAN","Median","2004","2004","RATIO","Ratio","0","Units",,,0.441,,
"SVK","Slovak Republic","MEDIAN","Median","2005","2005","RATIO","Ratio","0","Units",,,0.432,,
"SVK","Slovak Republic","MEDIAN","Median","2006","2006","RATIO","Ratio","0","Units",,,0.445,,
"SVK","Slovak Republic","MEDIAN","Median","2007","2007","RATIO","Ratio","0","Units",,,0.443,,
"SVK","Slovak Republic","MEDIAN","Median","2008","2008","RATIO","Ratio","0","Units",,,0.428,,
"SVK","Slovak Republic","MEDIAN","Median","2009","2009","RATIO","Ratio","0","Units",,,0.453,,
"SVK","Slovak Republic","MEDIAN","Median","2010","2010","RATIO","Ratio","0","Units",,,0.456,,
"SVK","Slovak Republic","MEDIAN","Median","2011","2011","RATIO","Ratio","0","Units",,,0.456,,
"SVK","Slovak Republic","MEDIAN","Median","2012","2012","RATIO","Ratio","0","Units",,,0.451,,
"SVK","Slovak Republic","MEDIAN","Median","2013","2013","RATIO","Ratio","0","Units",,,0.455,,
"SVK","Slovak Republic","MEDIAN","Median","2014","2014","RATIO","Ratio","0","Units",,,0.451,,
"SVK","Slovak Republic","MEDIAN","Median","2015","2015","RATIO","Ratio","0","Units",,,0.473,,
"SVK","Slovak Republic","MEDIAN","Median","2016","2016","RATIO","Ratio","0","Units",,,0.477,,
"SVK","Slovak Republic","MEDIAN","Median","2017","2017","RATIO","Ratio","0","Units",,,0.479,,
"SVK","Slovak Republic","MEDIAN","Median","2018","2018","RATIO","Ratio","0","Units",,,0.492,,
"SVK","Slovak Republic","MEDIAN","Median","2019","2019","RATIO","Ratio","0","Units",,,0.493,,
"ESP","Spain","MEDIAN","Median","2000","2000","RATIO","Ratio","0","Units",,,0.364,,
"ESP","Spain","MEDIAN","Median","2001","2001","RATIO","Ratio","0","Units",,,0.36,,
"ESP","Spain","MEDIAN","Median","2002","2002","RATIO","Ratio","0","Units",,,0.353,,
"ESP","Spain","MEDIAN","Median","2003","2003","RATIO","Ratio","0","Units",,,0.346,,
"ESP","Spain","MEDIAN","Median","2004","2004","RATIO","Ratio","0","Units",,,0.353,,
"ESP","Spain","MEDIAN","Median","2005","2005","RATIO","Ratio","0","Units",,,0.369,,
"ESP","Spain","MEDIAN","Median","2006","2006","RATIO","Ratio","0","Units",,,0.386,,
"ESP","Spain","MEDIAN","Median","2007","2007","RATIO","Ratio","0","Units",,,0.392,,
"ESP","Spain","MEDIAN","Median","2008","2008","RATIO","Ratio","0","Units",,,0.391,,
"ESP","Spain","MEDIAN","Median","2009","2009","RATIO","Ratio","0","Units",,,0.391,,
"ESP","Spain","MEDIAN","Median","2010","2010","RATIO","Ratio","0","Units",,,0.377,,
"ESP","Spain","MEDIAN","Median","2011","2011","RATIO","Ratio","0","Units",,,0.381,,
"ESP","Spain","MEDIAN","Median","2012","2012","RATIO","Ratio","0","Units",,,0.38,,
"ESP","Spain","MEDIAN","Median","2013","2013","RATIO","Ratio","0","Units",,,0.378,,
"ESP","Spain","MEDIAN","Median","2014","2014","RATIO","Ratio","0","Units",,,0.369,,
"ESP","Spain","MEDIAN","Median","2015","2015","RATIO","Ratio","0","Units",,,0.37,,
"ESP","Spain","MEDIAN","Median","2016","2016","RATIO","Ratio","0","Units",,,0.376,,
"ESP","Spain","MEDIAN","Median","2017","2017","RATIO","Ratio","0","Units",,,0.399,,
"ESP","Spain","MEDIAN","Median","2018","2018","RATIO","Ratio","0","Units",,,0.412,,
"ESP","Spain","MEDIAN","Median","2019","2019","RATIO","Ratio","0","Units",,,0.494,,
"TUR","Turkey","MEDIAN","Median","2000","2000","RATIO","Ratio","0","Units",,,0.458,,
"TUR","Turkey","MEDIAN","Median","2001","2001","RATIO","Ratio","0","Units",,,0.46,,
"TUR","Turkey","MEDIAN","Median","2002","2002","RATIO","Ratio","0","Units",,,0.532,,
"TUR","Turkey","MEDIAN","Median","2003","2003","RATIO","Ratio","0","Units",,,0.585,,
"TUR","Turkey","MEDIAN","Median","2004","2004","RATIO","Ratio","0","Units",,,0.74,,
"TUR","Turkey","MEDIAN","Median","2005","2005","RATIO","Ratio","0","Units",,,0.744,,
"TUR","Turkey","MEDIAN","Median","2006","2006","RATIO","Ratio","0","Units",,,0.725,,
"TUR","Turkey","MEDIAN","Median","2007","2007","RATIO","Ratio","0","Units",,,0.715,,
"TUR","Turkey","MEDIAN","Median","2008","2008","RATIO","Ratio","0","Units",,,0.709,,
"TUR","Turkey","MEDIAN","Median","2009","2009","RATIO","Ratio","0","Units",,,0.712,,
"TUR","Turkey","MEDIAN","Median","2010","2010","RATIO","Ratio","0","Units",,,0.697,,
"TUR","Turkey","MEDIAN","Median","2011","2011","RATIO","Ratio","0","Units",,,0.713,,
"TUR","Turkey","MEDIAN","Median","2012","2012","RATIO","Ratio","0","Units",,,0.729,,
"TUR","Turkey","MEDIAN","Median","2013","2013","RATIO","Ratio","0","Units",,,0.722,,
"TUR","Turkey","MEDIAN","Median","2014","2014","RATIO","Ratio","0","Units",,,0.689,,
"TUR","Turkey","MEDIAN","Median","2015","2015","RATIO","Ratio","0","Units",,,0.699,,
"TUR","Turkey","MEDIAN","Median","2016","2016","RATIO","Ratio","0","Units",,,0.749,,
"TUR","Turkey","MEDIAN","Median","2017","2017","RATIO","Ratio","0","Units",,,0.713,,
"TUR","Turkey","MEDIAN","Median","2018","2018","RATIO","Ratio","0","Units",,,0.702,,
"TUR","Turkey","MEDIAN","Median","2019","2019","RATIO","Ratio","0","Units",,,0.748,,
"GBR","United Kingdom","MEDIAN","Median","2000","2000","RATIO","Ratio","0","Units",,,0.408,,
"GBR","United Kingdom","MEDIAN","Median","2001","2001","RATIO","Ratio","0","Units",,,0.401,,
"GBR","United Kingdom","MEDIAN","Median","2002","2002","RATIO","Ratio","0","Units",,,0.425,,
"GBR","United Kingdom","MEDIAN","Median","2003","2003","RATIO","Ratio","0","Units",,,0.421,,
"GBR","United Kingdom","MEDIAN","Median","2004","2004","RATIO","Ratio","0","Units",,,0.431,,
"GBR","United Kingdom","MEDIAN","Median","2005","2005","RATIO","Ratio","0","Units",,,0.45,,
"GBR","United Kingdom","MEDIAN","Median","2006","2006","RATIO","Ratio","0","Units",,,0.454,,
"GBR","United Kingdom","MEDIAN","Median","2007","2007","RATIO","Ratio","0","Units",,,0.466,,
"GBR","United Kingdom","MEDIAN","Median","2008","2008","RATIO","Ratio","0","Units",,,0.46,,
"GBR","United Kingdom","MEDIAN","Median","2009","2009","RATIO","Ratio","0","Units",,,0.461,,
"GBR","United Kingdom","MEDIAN","Median","2010","2010","RATIO","Ratio","0","Units",,,0.461,,
"GBR","United Kingdom","MEDIAN","Median","2011","2011","RATIO","Ratio","0","Units",,,0.469,,
"GBR","United Kingdom","MEDIAN","Median","2012","2012","RATIO","Ratio","0","Units",,,0.473,,
"GBR","United Kingdom","MEDIAN","Median","2013","2013","RATIO","Ratio","0","Units",,,0.471,,
"GBR","United Kingdom","MEDIAN","Median","2014","2014","RATIO","Ratio","0","Units",,,0.479,,
"GBR","United Kingdom","MEDIAN","Median","2015","2015","RATIO","Ratio","0","Units",,,0.486,,
"GBR","United Kingdom","MEDIAN","Median","2016","2016","RATIO","Ratio","0","Units",,,0.527,,
"GBR","United Kingdom","MEDIAN","Median","2017","2017","RATIO","Ratio","0","Units",,,0.535,,
"GBR","United Kingdom","MEDIAN","Median","2018","2018","RATIO","Ratio","0","Units",,,0.544,,
"GBR","United Kingdom","MEDIAN","Median","2019","2019","RATIO","Ratio","0","Units",,,0.551,,
"USA","United States","MEDIAN","Median","2000","2000","RATIO","Ratio","0","Units",,,0.357,,
"USA","United States","MEDIAN","Median","2001","2001","RATIO","Ratio","0","Units",,,0.344,,
"USA","United States","MEDIAN","Median","2002","2002","RATIO","Ratio","0","Units",,,0.338,,
"USA","United States","MEDIAN","Median","2003","2003","RATIO","Ratio","0","Units",,,0.332,,
"USA","United States","MEDIAN","Median","2004","2004","RATIO","Ratio","0","Units",,,0.322,,
"USA","United States","MEDIAN","Median","2005","2005","RATIO","Ratio","0","Units",,,0.316,,
"USA","United States","MEDIAN","Median","2006","2006","RATIO","Ratio","0","Units",,,0.306,,
"USA","United States","MEDIAN","Median","2007","2007","RATIO","Ratio","0","Units",,,0.314,,
"USA","United States","MEDIAN","Median","2008","2008","RATIO","Ratio","0","Units",,,0.341,,
"USA","United States","MEDIAN","Median","2009","2009","RATIO","Ratio","0","Units",,,0.371,,
"USA","United States","MEDIAN","Median","2010","2010","RATIO","Ratio","0","Units",,,0.388,,
"USA","United States","MEDIAN","Median","2011","2011","RATIO","Ratio","0","Units",,,0.383,,
"USA","United States","MEDIAN","Median","2012","2012","RATIO","Ratio","0","Units",,,0.377,,
"USA","United States","MEDIAN","Median","2013","2013","RATIO","Ratio","0","Units",,,0.373,,
"USA","United States","MEDIAN","Median","2014","2014","RATIO","Ratio","0","Units",,,0.366,,
"USA","United States","MEDIAN","Median","2015","2015","RATIO","Ratio","0","Units",,,0.358,,
"USA","United States","MEDIAN","Median","2016","2016","RATIO","Ratio","0","Units",,,0.348,,
"USA","United States","MEDIAN","Median","2017","2017","RATIO","Ratio","0","Units",,,0.337,,
"USA","United States","MEDIAN","Median","2018","2018","RATIO","Ratio","0","Units",,,0.327,,
"USA","United States","MEDIAN","Median","2019","2019","RATIO","Ratio","0","Units",,,0.316,,
"SVN","Slovenia","MEDIAN","Median","2005","2005","RATIO","Ratio","0","Units",,,0.511,,
"SVN","Slovenia","MEDIAN","Median","2006","2006","RATIO","Ratio","0","Units",,,0.524,,
"SVN","Slovenia","MEDIAN","Median","2007","2007","RATIO","Ratio","0","Units",,,0.507,,
"SVN","Slovenia","MEDIAN","Median","2008","2008","RATIO","Ratio","0","Units",,,0.506,,
"SVN","Slovenia","MEDIAN","Median","2009","2009","RATIO","Ratio","0","Units",,,0.508,,
"SVN","Slovenia","MEDIAN","Median","2010","2010","RATIO","Ratio","0","Units",,,0.589,,
"SVN","Slovenia","MEDIAN","Median","2011","2011","RATIO","Ratio","0","Units",,,0.606,,
"SVN","Slovenia","MEDIAN","Median","2012","2012","RATIO","Ratio","0","Units",,,0.62,,
"SVN","Slovenia","MEDIAN","Median","2013","2013","RATIO","Ratio","0","Units",,,0.637,,
"SVN","Slovenia","MEDIAN","Median","2014","2014","RATIO","Ratio","0","Units",,,0.6,,
"SVN","Slovenia","MEDIAN","Median","2015","2015","RATIO","Ratio","0","Units",,,0.597,,
"SVN","Slovenia","MEDIAN","Median","2016","2016","RATIO","Ratio","0","Units",,,0.587,,
"SVN","Slovenia","MEDIAN","Median","2017","2017","RATIO","Ratio","0","Units",,,0.582,,
"SVN","Slovenia","MEDIAN","Median","2018","2018","RATIO","Ratio","0","Units",,,0.589,,
"SVN","Slovenia","MEDIAN","Median","2019","2019","RATIO","Ratio","0","Units",,,0.594,,
"EST","Estonia","MEDIAN","Median","2000","2000","RATIO","Ratio","0","Units",,,0.341,,
"EST","Estonia","MEDIAN","Median","2001","2001","RATIO","Ratio","0","Units",,,0.348,,
"EST","Estonia","MEDIAN","Median","2002","2002","RATIO","Ratio","0","Units",,,0.368,,
"EST","Estonia","MEDIAN","Median","2003","2003","RATIO","Ratio","0","Units",,,0.393,,
"EST","Estonia","MEDIAN","Median","2004","2004","RATIO","Ratio","0","Units",,,0.417,,
"EST","Estonia","MEDIAN","Median","2005","2005","RATIO","Ratio","0","Units",,,0.401,,
"EST","Estonia","MEDIAN","Median","2006","2006","RATIO","Ratio","0","Units",,,0.37,,
"EST","Estonia","MEDIAN","Median","2007","2007","RATIO","Ratio","0","Units",,,0.357,,
"EST","Estonia","MEDIAN","Median","2008","2008","RATIO","Ratio","0","Units",,,0.378,,
"EST","Estonia","MEDIAN","Median","2009","2009","RATIO","Ratio","0","Units",,,0.398,,
"EST","Estonia","MEDIAN","Median","2010","2010","RATIO","Ratio","0","Units",,,0.404,,
"EST","Estonia","MEDIAN","Median","2011","2011","RATIO","Ratio","0","Units",,,0.381,,
"EST","Estonia","MEDIAN","Median","2012","2012","RATIO","Ratio","0","Units",,,0.376,,
"EST","Estonia","MEDIAN","Median","2013","2013","RATIO","Ratio","0","Units",,,0.388,,
"EST","Estonia","MEDIAN","Median","2014","2014","RATIO","Ratio","0","Units",,,0.398,,
"EST","Estonia","MEDIAN","Median","2015","2015","RATIO","Ratio","0","Units",,,0.413,,
"EST","Estonia","MEDIAN","Median","2016","2016","RATIO","Ratio","0","Units",,,0.423,,
"EST","Estonia","MEDIAN","Median","2017","2017","RATIO","Ratio","0","Units",,,0.434,,
"EST","Estonia","MEDIAN","Median","2018","2018","RATIO","Ratio","0","Units",,,0.43,,
"EST","Estonia","MEDIAN","Median","2019","2019","RATIO","Ratio","0","Units",,,0.433,,
"LTU","Lithuania","MEDIAN","Median","2000","2000","RATIO","Ratio","0","Units",,,0.496,,
"LTU","Lithuania","MEDIAN","Median","2001","2001","RATIO","Ratio","0","Units",,,0.49,,
"LTU","Lithuania","MEDIAN","Median","2002","2002","RATIO","Ratio","0","Units",,,0.475,,
"LTU","Lithuania","MEDIAN","Median","2003","2003","RATIO","Ratio","0","Units",,,0.456,,
"LTU","Lithuania","MEDIAN","Median","2004","2004","RATIO","Ratio","0","Units",,,0.471,,
"LTU","Lithuania","MEDIAN","Median","2005","2005","RATIO","Ratio","0","Units",,,0.461,,
"LTU","Lithuania","MEDIAN","Median","2006","2006","RATIO","Ratio","0","Units",,,0.437,,
"LTU","Lithuania","MEDIAN","Median","2007","2007","RATIO","Ratio","0","Units",,,0.41,,
"LTU","Lithuania","MEDIAN","Median","2008","2008","RATIO","Ratio","0","Units",,,0.422,,
"LTU","Lithuania","MEDIAN","Median","2009","2009","RATIO","Ratio","0","Units",,,0.442,,
"LTU","Lithuania","MEDIAN","Median","2010","2010","RATIO","Ratio","0","Units",,,0.498,,
"LTU","Lithuania","MEDIAN","Median","2011","2011","RATIO","Ratio","0","Units",,,0.484,,
"LTU","Lithuania","MEDIAN","Median","2012","2012","RATIO","Ratio","0","Units",,,0.482,,
"LTU","Lithuania","MEDIAN","Median","2013","2013","RATIO","Ratio","0","Units",,,0.557,,
"LTU","Lithuania","MEDIAN","Median","2014","2014","RATIO","Ratio","0","Units",,,0.511,,
"LTU","Lithuania","MEDIAN","Median","2015","2015","RATIO","Ratio","0","Units",,,0.518,,
"LTU","Lithuania","MEDIAN","Median","2016","2016","RATIO","Ratio","0","Units",,,0.558,,
"LTU","Lithuania","MEDIAN","Median","2017","2017","RATIO","Ratio","0","Units",,,0.535,,
"LTU","Lithuania","MEDIAN","Median","2018","2018","RATIO","Ratio","0","Units",,,0.512,,
"LTU","Lithuania","MEDIAN","Median","2019","2019","RATIO","Ratio","0","Units",,,0.506,,
"ROU","Romania","MEDIAN","Median","2000","2000","RATIO","Ratio","0","Units",,,0.253,,
"ROU","Romania","MEDIAN","Median","2001","2001","RATIO","Ratio","0","Units",,,0.371,,
"ROU","Romania","MEDIAN","Median","2002","2002","RATIO","Ratio","0","Units",,,0.37,,
"ROU","Romania","MEDIAN","Median","2003","2003","RATIO","Ratio","0","Units",,,0.457,,
"ROU","Romania","MEDIAN","Median","2004","2004","RATIO","Ratio","0","Units",,,0.438,,
"ROU","Romania","MEDIAN","Median","2005","2005","RATIO","Ratio","0","Units",,,0.415,,
"ROU","Romania","MEDIAN","Median","2006","2006","RATIO","Ratio","0","Units",,,0.371,,
"ROU","Romania","MEDIAN","Median","2007","2007","RATIO","Ratio","0","Units",,,0.38,,
"ROU","Romania","MEDIAN","Median","2008","2008","RATIO","Ratio","0","Units",,,0.406,,
"ROU","Romania","MEDIAN","Median","2009","2009","RATIO","Ratio","0","Units",,,0.435,,
"ROU","Romania","MEDIAN","Median","2010","2010","RATIO","Ratio","0","Units",,,0.426,,
"ROU","Romania","MEDIAN","Median","2011","2011","RATIO","Ratio","0","Units",,,0.454,,
"ROU","Romania","MEDIAN","Median","2012","2012","RATIO","Ratio","0","Units",,,0.452,,
"ROU","Romania","MEDIAN","Median","2013","2013","RATIO","Ratio","0","Units",,,0.477,,
"ROU","Romania","MEDIAN","Median","2014","2014","RATIO","Ratio","0","Units",,,0.513,,
"ROU","Romania","MEDIAN","Median","2015","2015","RATIO","Ratio","0","Units",,,0.549,,
"ROU","Romania","MEDIAN","Median","2016","2016","RATIO","Ratio","0","Units",,,0.557,,
"ROU","Romania","MEDIAN","Median","2017","2017","RATIO","Ratio","0","Units",,,0.596,,
"ROU","Romania","MEDIAN","Median","2018","2018","RATIO","Ratio","0","Units",,,0.583,,
"ROU","Romania","MEDIAN","Median","2019","2019","RATIO","Ratio","0","Units",,,0.565,,
"LVA","Latvia","MEDIAN","Median","2000","2000","RATIO","Ratio","0","Units",,,0.355,,
"LVA","Latvia","MEDIAN","Median","2001","2001","RATIO","Ratio","0","Units",,,0.366,,
"LVA","Latvia","MEDIAN","Median","2002","2002","RATIO","Ratio","0","Units",,,0.368,,
"LVA","Latvia","MEDIAN","Median","2003","2003","RATIO","Ratio","0","Units",,,0.442,,
"LVA","Latvia","MEDIAN","Median","2004","2004","RATIO","Ratio","0","Units",,,0.461,,
"LVA","Latvia","MEDIAN","Median","2005","2005","RATIO","Ratio","0","Units",,,0.397,,
"LVA","Latvia","MEDIAN","Median","2006","2006","RATIO","Ratio","0","Units",,,0.363,,
"LVA","Latvia","MEDIAN","Median","2007","2007","RATIO","Ratio","0","Units",,,0.366,,
"LVA","Latvia","MEDIAN","Median","2008","2008","RATIO","Ratio","0","Units",,,0.404,,
"LVA","Latvia","MEDIAN","Median","2009","2009","RATIO","Ratio","0","Units",,,0.473,,
"LVA","Latvia","MEDIAN","Median","2010","2010","RATIO","Ratio","0","Units",,,0.489,,
"LVA","Latvia","MEDIAN","Median","2011","2011","RATIO","Ratio","0","Units",,,0.505,,
"LVA","Latvia","MEDIAN","Median","2012","2012","RATIO","Ratio","0","Units",,,0.487,,
"LVA","Latvia","MEDIAN","Median","2013","2013","RATIO","Ratio","0","Units",,,0.467,,
"LVA","Latvia","MEDIAN","Median","2014","2014","RATIO","Ratio","0","Units",,,0.492,,
"LVA","Latvia","MEDIAN","Median","2015","2015","RATIO","Ratio","0","Units",,,0.518,,
"LVA","Latvia","MEDIAN","Median","2016","2016","RATIO","Ratio","0","Units",,,0.507,,
"LVA","Latvia","MEDIAN","Median","2017","2017","RATIO","Ratio","0","Units",,,0.483,,
"LVA","Latvia","MEDIAN","Median","2018","2018","RATIO","Ratio","0","Units",,,0.505,,
"LVA","Latvia","MEDIAN","Median","2019","2019","RATIO","Ratio","0","Units",,,0.471,,
"ISR","Israel","MEAN","Mean","2001","2001","RATIO","Ratio","0","Units",,,0.391,,
"ISR","Israel","MEAN","Mean","2002","2002","RATIO","Ratio","0","Units",,,0.394,,
"ISR","Israel","MEAN","Mean","2003","2003","RATIO","Ratio","0","Units",,,0.412,,
"ISR","Israel","MEAN","Mean","2004","2004","RATIO","Ratio","0","Units",,,0.404,,
"ISR","Israel","MEAN","Mean","2005","2005","RATIO","Ratio","0","Units",,,0.399,,
"ISR","Israel","MEAN","Mean","2006","2006","RATIO","Ratio","0","Units",,,0.411,,
"ISR","Israel","MEAN","Mean","2007","2007","RATIO","Ratio","0","Units",,,0.413,,
"ISR","Israel","MEAN","Mean","2008","2008","RATIO","Ratio","0","Units",,,0.409,,
"ISR","Israel","MEAN","Mean","2009","2009","RATIO","Ratio","0","Units",,,0.412,,
"ISR","Israel","MEAN","Mean","2010","2010","RATIO","Ratio","0","Units",,,0.41,,
"ISR","Israel","MEAN","Mean","2011","2011","RATIO","Ratio","0","Units",,,0.415,,
"ISR","Israel","MEAN","Mean","2012","2012","RATIO","Ratio","0","Units",,,0.415,,
"ISR","Israel","MEAN","Mean","2013","2013","RATIO","Ratio","0","Units",,,0.42,,
"ISR","Israel","MEAN","Mean","2014","2014","RATIO","Ratio","0","Units",,,0.41,,
"ISR","Israel","MEAN","Mean","2015","2015","RATIO","Ratio","0","Units",,,0.423,,
"ISR","Israel","MEAN","Mean","2016","2016","RATIO","Ratio","0","Units",,,0.43,,
"ISR","Israel","MEAN","Mean","2017","2017","RATIO","Ratio","0","Units",,,0.437,,
"ISR","Israel","MEAN","Mean","2018","2018","RATIO","Ratio","0","Units",,,0.443,,
"ISR","Israel","MEAN","Mean","2019","2019","RATIO","Ratio","0","Units",,,0.43,,
"ISR","Israel","MEDIAN","Median","2001","2001","RATIO","Ratio","0","Units",,,0.538,,
"ISR","Israel","MEDIAN","Median","2002","2002","RATIO","Ratio","0","Units",,,0.542,,
"ISR","Israel","MEDIAN","Median","2003","2003","RATIO","Ratio","0","Units",,,0.551,,
"ISR","Israel","MEDIAN","Median","2004","2004","RATIO","Ratio","0","Units",,,0.54,,
"ISR","Israel","MEDIAN","Median","2005","2005","RATIO","Ratio","0","Units",,,0.544,,
"ISR","Israel","MEDIAN","Median","2006","2006","RATIO","Ratio","0","Units",,,0.566,,
"ISR","Israel","MEDIAN","Median","2007","2007","RATIO","Ratio","0","Units",,,0.572,,
"ISR","Israel","MEDIAN","Median","2008","2008","RATIO","Ratio","0","Units",,,0.57,,
"ISR","Israel","MEDIAN","Median","2009","2009","RATIO","Ratio","0","Units",,,0.563,,
"ISR","Israel","MEDIAN","Median","2010","2010","RATIO","Ratio","0","Units",,,0.557,,
"ISR","Israel","MEDIAN","Median","2011","2011","RATIO","Ratio","0","Units",,,0.56,,
"ISR","Israel","MEDIAN","Median","2012","2012","RATIO","Ratio","0","Units",,,0.56,,
"ISR","Israel","MEDIAN","Median","2013","2013","RATIO","Ratio","0","Units",,,0.574,,
"ISR","Israel","MEDIAN","Median","2014","2014","RATIO","Ratio","0","Units",,,0.548,,
"ISR","Israel","MEDIAN","Median","2015","2015","RATIO","Ratio","0","Units",,,0.57,,
"ISR","Israel","MEDIAN","Median","2016","2016","RATIO","Ratio","0","Units",,,0.576,,
"ISR","Israel","MEDIAN","Median","2017","2017","RATIO","Ratio","0","Units",,,0.58,,
"ISR","Israel","MEDIAN","Median","2018","2018","RATIO","Ratio","0","Units",,,0.58,,
"ISR","Israel","MEDIAN","Median","2019","2019","RATIO","Ratio","0","Units",,,0.564,,
"CHL","Chile","MEAN","Mean","2000","2000","RATIO","Ratio","0","Units",,,0.391,,
"CHL","Chile","MEAN","Mean","2003","2003","RATIO","Ratio","0","Units",,,0.437,,
"CHL","Chile","MEAN","Mean","2006","2006","RATIO","Ratio","0","Units",,,0.413,,
"CHL","Chile","MEAN","Mean","2009","2009","RATIO","Ratio","0","Units",,,0.439,,
"CHL","Chile","MEAN","Mean","2010","2010","RATIO","Ratio","0","Units",,,0.44,,
"CHL","Chile","MEAN","Mean","2011","2011","RATIO","Ratio","0","Units",,,0.429,,
"CHL","Chile","MEAN","Mean","2012","2012","RATIO","Ratio","0","Units",,,0.428,,
"CHL","Chile","MEAN","Mean","2013","2013","RATIO","Ratio","0","Units",,,0.446,,
"CHL","Chile","MEAN","Mean","2014","2014","RATIO","Ratio","0","Units",,,0.449,,
"CHL","Chile","MEAN","Mean","2015","2015","RATIO","Ratio","0","Units",,,0.455,,
"CHL","Chile","MEAN","Mean","2016","2016","RATIO","Ratio","0","Units",,,0.473,,
"CHL","Chile","MEAN","Mean","2017","2017","RATIO","Ratio","0","Units",,,0.471,,
"CHL","Chile","MEAN","Mean","2018","2018","RATIO","Ratio","0","Units",,,0.472,,
"CHL","Chile","MEAN","Mean","2019","2019","RATIO","Ratio","0","Units",,,0.482,,
"CHL","Chile","MEDIAN","Median","2000","2000","RATIO","Ratio","0","Units",,,0.64,,
"CHL","Chile","MEDIAN","Median","2003","2003","RATIO","Ratio","0","Units",,,0.708,,
"CHL","Chile","MEDIAN","Median","2006","2006","RATIO","Ratio","0","Units",,,0.649,,
"CHL","Chile","MEDIAN","Median","2009","2009","RATIO","Ratio","0","Units",,,0.706,,
"CHL","Chile","MEDIAN","Median","2010","2010","RATIO","Ratio","0","Units",,,0.709,,
"CHL","Chile","MEDIAN","Median","2011","2011","RATIO","Ratio","0","Units",,,0.674,,
"CHL","Chile","MEDIAN","Median","2012","2012","RATIO","Ratio","0","Units",,,0.671,,
"CHL","Chile","MEDIAN","Median","2013","2013","RATIO","Ratio","0","Units",,,0.671,,
"CHL","Chile","MEDIAN","Median","2014","2014","RATIO","Ratio","0","Units",,,0.676,,
"CHL","Chile","MEDIAN","Median","2015","2015","RATIO","Ratio","0","Units",,,0.662,,
"CHL","Chile","MEDIAN","Median","2016","2016","RATIO","Ratio","0","Units",,,0.688,,
"CHL","Chile","MEDIAN","Median","2017","2017","RATIO","Ratio","0","Units",,,0.685,,
"CHL","Chile","MEDIAN","Median","2018","2018","RATIO","Ratio","0","Units",,,0.687,,
"CHL","Chile","MEDIAN","Median","2019","2019","RATIO","Ratio","0","Units",,,0.701,,
"DEU","Germany","MEAN","Mean","2015","2015","RATIO","Ratio","0","Units",,,0.425,,
"DEU","Germany","MEAN","Mean","2016","2016","RATIO","Ratio","0","Units",,,0.418,,
"DEU","Germany","MEAN","Mean","2017","2017","RATIO","Ratio","0","Units",,,0.427,,
"DEU","Germany","MEAN","Mean","2018","2018","RATIO","Ratio","0","Units",,,0.421,,
"DEU","Germany","MEAN","Mean","2019","2019","RATIO","Ratio","0","Units",,,0.426,,
"DEU","Germany","MEDIAN","Median","2015","2015","RATIO","Ratio","0","Units",,,0.481,,
"DEU","Germany","MEDIAN","Median","2016","2016","RATIO","Ratio","0","Units",,,0.471,,
"DEU","Germany","MEDIAN","Median","2017","2017","RATIO","Ratio","0","Units",,,0.485,,
"DEU","Germany","MEDIAN","Median","2018","2018","RATIO","Ratio","0","Units",,,0.476,,
"DEU","Germany","MEDIAN","Median","2019","2019","RATIO","Ratio","0","Units",,,0.482,,
"COL","Colombia","MEAN","Mean","2007","2007","RATIO","Ratio","0","Units",,,0.561,,
"COL","Colombia","MEAN","Mean","2008","2008","RATIO","Ratio","0","Units",,,0.563,,
"COL","Colombia","MEAN","Mean","2009","2009","RATIO","Ratio","0","Units",,,0.585,,
"COL","Colombia","MEAN","Mean","2010","2010","RATIO","Ratio","0","Units",,,0.555,,
"COL","Colombia","MEAN","Mean","2011","2011","RATIO","Ratio","0","Units",,,0.561,,
"COL","Colombia","MEAN","Mean","2012","2012","RATIO","Ratio","0","Units",,,0.573,,
"COL","Colombia","MEAN","Mean","2013","2013","RATIO","Ratio","0","Units",,,0.56,,
"COL","Colombia","MEAN","Mean","2014","2014","RATIO","Ratio","0","Units",,,0.544,,
"COL","Colombia","MEAN","Mean","2015","2015","RATIO","Ratio","0","Units",,,0.567,,
"COL","Colombia","MEAN","Mean","2016","2016","RATIO","Ratio","0","Units",,,0.573,,
"COL","Colombia","MEAN","Mean","2017","2017","RATIO","Ratio","0","Units",,,0.58,,
"COL","Colombia","MEAN","Mean","2018","2018","RATIO","Ratio","0","Units",,,0.583,,
"COL","Colombia","MEAN","Mean","2019","2019","RATIO","Ratio","0","Units",,,0.589,,
"COL","Colombia","MEDIAN","Median","2007","2007","RATIO","Ratio","0","Units",,,0.921,,
"COL","Colombia","MEDIAN","Median","2008","2008","RATIO","Ratio","0","Units",,,0.895,,
"COL","Colombia","MEDIAN","Median","2009","2009","RATIO","Ratio","0","Units",,,0.903,,
"COL","Colombia","MEDIAN","Median","2010","2010","RATIO","Ratio","0","Units",,,0.877,,
"COL","Colombia","MEDIAN","Median","2011","2011","RATIO","Ratio","0","Units",,,0.892,,
"COL","Colombia","MEDIAN","Median","2012","2012","RATIO","Ratio","0","Units",,,0.878,,
"COL","Colombia","MEDIAN","Median","2013","2013","RATIO","Ratio","0","Units",,,0.867,,
"COL","Colombia","MEDIAN","Median","2014","2014","RATIO","Ratio","0","Units",,,0.857,,
"COL","Colombia","MEDIAN","Median","2015","2015","RATIO","Ratio","0","Units",,,0.859,,
"COL","Colombia","MEDIAN","Median","2016","2016","RATIO","Ratio","0","Units",,,0.861,,
"COL","Colombia","MEDIAN","Median","2017","2017","RATIO","Ratio","0","Units",,,0.885,,
"COL","Colombia","MEDIAN","Median","2018","2018","RATIO","Ratio","0","Units",,,0.894,,
"COL","Colombia","MEDIAN","Median","2019","2019","RATIO","Ratio","0","Units",,,0.9,,
"CRI","Costa Rica","MEAN","Mean","2010","2010","RATIO","Ratio","0","Units",,,0.49,,
"CRI","Costa Rica","MEAN","Mean","2011","2011","RATIO","Ratio","0","Units",,,0.476,,
"CRI","Costa Rica","MEAN","Mean","2012","2012","RATIO","Ratio","0","Units",,,0.5,,
"CRI","Costa Rica","MEAN","Mean","2013","2013","RATIO","Ratio","0","Units",,,0.487,,
"CRI","Costa Rica","MEAN","Mean","2014","2014","RATIO","Ratio","0","Units",,,0.474,,
"CRI","Costa Rica","MEAN","Mean","2015","2015","RATIO","Ratio","0","Units",,,0.486,,
"CRI","Costa Rica","MEAN","Mean","2016","2016","RATIO","Ratio","0","Units",,,0.484,,
"CRI","Costa Rica","MEAN","Mean","2017","2017","RATIO","Ratio","0","Units",,,0.49,,
"CRI","Costa Rica","MEAN","Mean","2018","2018","RATIO","Ratio","0","Units",,,0.496,,
"CRI","Costa Rica","MEAN","Mean","2019","2019","RATIO","Ratio","0","Units",,,0.474,,
"CRI","Costa Rica","MEDIAN","Median","2010","2010","RATIO","Ratio","0","Units",,,0.692,,
"CRI","Costa Rica","MEDIAN","Median","2011","2011","RATIO","Ratio","0","Units",,,0.693,,
"CRI","Costa Rica","MEDIAN","Median","2012","2012","RATIO","Ratio","0","Units",,,0.705,,
"CRI","Costa Rica","MEDIAN","Median","2013","2013","RATIO","Ratio","0","Units",,,0.691,,
"CRI","Costa Rica","MEDIAN","Median","2014","2014","RATIO","Ratio","0","Units",,,0.672,,
"CRI","Costa Rica","MEDIAN","Median","2015","2015","RATIO","Ratio","0","Units",,,0.701,,
"CRI","Costa Rica","MEDIAN","Median","2016","2016","RATIO","Ratio","0","Units",,,0.692,,
"CRI","Costa Rica","MEDIAN","Median","2017","2017","RATIO","Ratio","0","Units",,,0.675,,
"CRI","Costa Rica","MEDIAN","Median","2018","2018","RATIO","Ratio","0","Units",,,0.694,,
"CRI","Costa Rica","MEDIAN","Median","2019","2019","RATIO","Ratio","0","Units",,,0.69,,
